1,11/04/2014 20:57,administrador/1/Autorizaciones para transporte/Autorización SCT.pdf,NULL,0,0,1,1
2,11/04/2014 20:57,administrador/1/Autorizaciones para transporte/Autorización SCT.pdf,NULL,0,0,1,1
3,28/04/2014 17:00,administrador/1/Autorizaciones para transporte/RDV Modificación a Autorización SEMARNAT.pdf,NULL,1,0,1,0
4,28/04/2014 17:00,administrador/1/Autorizaciones para transporte/Tarjeta de Circulación SCT 001.jpg,NULL,1,0,1,0
5,28/04/2014 17:00,clientes/2/Autorizaciones para transporte/Autorización SCT.pdf,NULL,1,0,1,0
6,28/04/2014 17:00,clientes/2/Autorizaciones para transporte/Autorización SCT.pdf,NULL,1,0,1,0
7,28/04/2014 17:00,clientes/2/Autorizaciones para transporte/RDV Modificación a Autorización SEMARNAT.pdf,NULL,1,0,1,0
8,28/04/2014 17:00,clientes/2/Autorizaciones para transporte/Tarjeta de Circulación SCT para FORD.jpg,NULL,1,0,1,0
9,28/04/2014 17:00,clientes/2/Autorizaciones para transporte/Tarjeta de Circulación RDV F-350.pdf,NULL,1,0,1,0
10,28/04/2014 17:00,clientes/2/Autorizaciones para transporte/Nissan Estacas 2013/Tarjeta de Circulación SCT 2.pdf,NULL,1,0,1,0
11,28/04/2014 17:00,clientes/2/Autorizaciones para transporte/Nissan Estacas 2013/PÓLIZA DE SEGUROS con endoso.pdf,NULL,1,0,1,0
12,11/04/2014 21:45,administrador/1/Autorizaciones para transporte/Nissan Estacas 2013/PÓLIZA DE SEGUROS con endoso.pdf,NULL,0,0,1,1
13,11/04/2014 21:47,administrador/1/Autorizaciones para transporte/Nissan Estacas 2013/Permiso SCT.pdf,NULL,0,0,1,1
14,11/04/2014 21:47,administrador/1/Autorizaciones para transporte/Nissan Estacas 2013/Tarjeta de Circulación SCT 2.pdf,NULL,0,0,1,1
15,11/04/2014 21:48,administrador/1/Autorizaciones para transporte/Ford 2004 F-350/PÓLIZA DE SEGUROS con endoso.pdf,NULL,0,0,1,1
16,11/04/2014 21:49,administrador/1/Autorizaciones para transporte/Ford 2004 F-350/Tarjeta de Circulación RDV F-350.pdf,NULL,0,0,1,1
17,11/04/2014 21:50,administrador/1/Autorizaciones para transporte/Ford 2004 F-350/Autorización SCT.pdf,NULL,0,0,1,1
18,28/04/2014 17:00,administrador/1/Autorizaciones para transporte/RDV Modificación a Autorización SEMARNAT.pdf,NULL,1,0,1,0
19,15/04/2014 00:49,clientes/2/Autorizaciones para transporte/prueba/Chevrolet-Camaro-Ford-Mustang-Cobra-Dodge-Challenger-SRT-Wallpaper.jpg,NULL,1,0,1,2
20,15/04/2014 00:49,clientes/2/Autorizaciones para transporte/prueba/20120613-115001.jpg,NULL,1,0,1,2
21,15/04/2014 00:49,clientes/2/Autorizaciones para transporte/prueba/tec.gif,NULL,1,0,1,2
22,15/04/2014 00:49,clientes/2/Autorizaciones para transporte/prueba/20120613-115001.jpg,NULL,1,0,1,2
23,15/04/2014 00:49,clientes/2/Autorizaciones para transporte/prueba/20120613-115001.jpg,NULL,1,0,1,2
24,15/04/2014 00:49,clientes/2/Autorizaciones para transporte/prueba/20120613-115001.jpg,NULL,1,0,1,2
25,28/04/2014 17:00,clientes/3/LAU/LAU-06-006-2011.pdf,NULL,1,0,1,0
26,27/04/2014 12:58,clientes/3/Autorización en MIA/Aut. MIA.pdf,NULL,1,0,1,3
27,27/04/2014 12:58,clientes/3/Autorización en MIA/Aut. MIA.pdf,NULL,1,0,1,3
28,28/04/2014 17:00,clientes/3/LAU/LAU-06-006-2011.pdf,NULL,1,0,1,0
29,27/04/2014 12:58,clientes/3/LAU/LAU-06-006-2011.pdf,NULL,1,0,1,3
30,27/04/2014 12:58,clientes/3/LAU/Evidencias de cumplimiento 2013/COA_2013/Acuse de ingreso COA 2013.pdf,NULL,1,0,1,3
31,27/04/2014 12:58,clientes/3/LAU/Evidencias de cumplimiento 2013/COA_2013/IIN110600711_2013.htm,NULL,1,0,1,3
32,27/04/2014 12:58,clientes/3/LAU/Autorización LAU.pdf,NULL,1,0,1,3
33,27/04/2014 12:58,clientes/3/LAU/Evidencias de cumplimiento 2013/Acuse recibido de resultados de monitoreo Julio 2013 a Semarnat.pdf,NULL,1,0,1,3
34,16/04/2014 17:19,clientes/2/Autorizaciones para transporte/Carta poder a RDV.docx,NULL,1,0,1,2
35,18/07/2016 18:00,clientes/5/Año 2013/COA_2012/ARAKE0600211_2012.htm,NULL,1,0,1,5
36,18/07/2016 18:00,clientes/5/Año 2013/COA_2012/ARAKE0600211_2012.coa,NULL,1,0,1,5
37,18/07/2016 18:00,clientes/5/Año 2013/COA_2012/Oficio de entrega.docx,NULL,1,0,1,5
38,18/07/2016 18:00,clientes/5/Año 2014/COA_2013/Requerimiento de información.pdf,NULL,1,0,1,5
39,18/07/2016 18:00,clientes/5/Año 2014/COA_2013/ARAKE0600211_2013.htm,NULL,1,0,1,5
40,18/07/2016 18:00,clientes/5/Año 2014/COA_2013/Oficio de entrega Col.docx,NULL,1,0,1,5
41,18/07/2016 18:00,clientes/5/Año 2014/COA_2013/ARAKE0600211_2013.coa,NULL,1,0,1,5
42,27/04/2014 12:58,clientes/3/LAU/Autorización LAU.pdf,NULL,1,0,1,3
43,27/04/2014 12:58,clientes/3/LAU/Evidencias de cumplimiento 2014/Acuse de ingreso COA 2013.pdf,NULL,1,0,1,3
44,27/04/2014 12:58,clientes/3/LAU/Evidencias de cumplimiento 2014/IIN110600711_2013.htm,NULL,1,0,1,3
45,17/04/2014 14:43,clientes/4/la ultima/prueba dentro/este es nombre bien largo que hasta me esta dando hueva escribirlo jejeje para prueba con nombre largos en la subida de archivos aver que pasa esperemos y todo salga bien.txt,NULL,1,0,1,4
46,27/04/2014 12:58,clientes/3/Autorización en MIA/Aut. MIA.pdf,NULL,1,0,1,3
47,17/04/2014 14:43,clientes/4/la ultima/prueba dentro/Acuse recibido de resultados de monitoreo Julio 2013 a Semarnat.pdf,NULL,1,0,1,4
48,17/04/2014 14:43,clientes/4/la ultima/prueba dentro/este es nombre bien largo que hasta me esta dando hueva escribirlo jejeje para prueba con nombre largos en la subida de archivos aver que pasa esperemos y todo salga bien.txt,NULL,1,0,1,4
49,17/04/2014 14:43,clientes/4/la ultima/prueba dentro/este es nombre bien largo que hasta me esta dando hueva escribirlo jejeje para prueba con nombre largos en la subida de archivos aver que pasa esperemos y todo salga bien.txt,NULL,1,0,1,4
50,17/04/2014 14:43,clientes/4/la ultima/prueba dentro/IMG-20130402-WA0000.jpg,NULL,1,0,1,4
51,17/04/2014 14:43,clientes/4/la ultima/prueba dentro/exce.xls,NULL,1,0,1,4
52,17/04/2014 14:43,clientes/4/la ultima/prueba dentro/4120073804 (1).pdf,NULL,1,0,1,4
53,17/04/2014 14:43,clientes/4/la ultima/prueba dentro/IMG-20130402-WA0000.jpg,NULL,1,0,1,4
54,17/04/2014 14:43,clientes/4/la ultima/prueba dentro/2317970.jpg,NULL,1,0,1,4
55,17/04/2014 14:43,clientes/4/la ultima/prueba dentro/accidente1.jpg,NULL,1,0,1,4
56,17/04/2014 14:43,clientes/4/yaran/motherboard_manual_ga-m61pme-s2p_e.pdf,NULL,1,0,1,4
57,17/04/2014 14:43,clientes/4/yaran/guia-thomson-310811.pdf,NULL,1,0,1,4
58,17/04/2014 14:43,clientes/4/yaran/RSDLite v4.4 User Manual.pdf,NULL,1,0,1,4
59,17/04/2014 14:43,clientes/4/yaran/motherboard_manual_ga-m61pme-s2p_e.pdf,NULL,1,0,1,4
60,17/04/2014 14:43,clientes/4/yaran/Saleen-S281-Side.JPG,NULL,1,0,1,4
61,27/04/2014 12:58,clientes/3/LAU/IRK_LAU-06-006-2011.pdf,NULL,1,0,1,3
62,27/04/2014 12:58,clientes/3/Autorización en MIA/IRK  Aut. MIA.pdf,NULL,1,0,1,3
63,27/04/2014 12:58,clientes/3/LAU/Evidencias de cumplimiento 2013/COA_2013/COA_2012/Acuse de recibido COA_ 2012.pdf,NULL,1,0,1,3
64,27/04/2014 12:58,clientes/3/LAU/Evidencias de cumplimiento 2013/COA_2013/COA_2012/IIN110600711_2012.htm,NULL,1,0,1,3
65,27/04/2014 12:58,clientes/3/LAU/Evidencias de cumplimiento 2013/IIN110600711_2012.htm,NULL,1,0,1,3
66,27/04/2014 12:58,clientes/3/LAU/Evidencias de cumplimiento 2013/Acuse de recibido COA_ 2012.pdf,NULL,1,0,1,3
67,27/04/2014 12:58,clientes/3/LAU/Evidencias de cumplimiento 2012/Entrega de resultados de monitoreo Diciembre 2012.pdf,NULL,1,0,1,3
68,27/04/2014 12:58,clientes/3/LAU/Evidencias de cumplimiento 2012/Acuse de recibida de resultados de monitoreo Junio 2012.pdf,NULL,1,0,1,3
69,27/04/2014 12:58,clientes/3/LAU/Evidencias de cumplimiento 2013/Acuse de recibido resultados de monitoreo Dic. 2013.pdf,NULL,1,0,1,3
70,27/04/2014 12:58,clientes/3/Documentos oficiales/Acta Constitutiva IRK de S.A. a S.A.P.I. pp 16-25.pdf,NULL,1,0,1,3
71,27/04/2014 12:58,clientes/3/Documentos oficiales/Acta Constitutiva IRK S.A. de C.V..pdf,NULL,1,0,1,3
72,27/04/2014 12:58,clientes/3/En Materia de Residuos Peligrosos/Registro como generador de RP´s.pdf,NULL,1,0,1,3
73,27/04/2014 12:58,clientes/3/En Materia de Residuos Peligrosos/Manifiestos por RP´s/Febrero 2014.pdf,NULL,1,0,1,3
74,27/04/2014 12:58,clientes/3/En Materia de Residuos Peligrosos/Manifiestos por RP´s/Manifiesto 22 Dic. 2012.pdf,NULL,1,0,1,3
75,27/04/2014 12:58,clientes/3/En Materia de Residuos Peligrosos/Manifiestos por RP´s/Manifiestos 02 03 2012.pdf,NULL,1,0,1,3
76,18/07/2016 18:00,clientes/5/En Materia de Residuos Peligrosos/Registro como generador de RP´s.pdf,NULL,1,0,1,5
77,18/07/2016 18:00,clientes/5/En Materia de Residuos Peligrosos/Registro del Plan de Manejo de RP´s ante SEMARNAT.pdf,NULL,1,0,1,5
78,18/07/2016 18:00,clientes/5/En Materia de Residuos Peligrosos/Registro del Plan de Manejo de RP´s ante SEMARNAT.pdf,NULL,1,0,1,5
79,18/07/2016 18:00,clientes/5/En Materia de Residuos Peligrosos/Plan de Manejo de RP´s Rancagua Corregido..pdf,NULL,1,0,1,5
80,20/01/2015 21:50,clientes/4/cars.jpg,NULL,1,0,1,4
81,20/01/2015 21:50,clientes/4/Encuesta EmbApp.docx,NULL,1,0,1,4
82,20/01/2015 21:50,clientes/4/Encuesta EmbApp.pdf,NULL,1,0,1,4
83,20/01/2015 21:50,clientes/4/comandos. git.txt,NULL,1,0,1,4
84,20/01/2015 21:50,clientes/4/panel con legend..txt,NULL,1,0,1,4
85,20/01/2015 21:50,clientes/4/primera/20120613-115001.jpg,NULL,1,0,1,4
86,20/01/2015 21:50,clientes/4/primera/cars.jpg,NULL,1,0,1,4
87,20/01/2015 21:50,clientes/4/primera/Encuesta EmbApp.docx,NULL,1,0,1,4
88,20/01/2015 21:50,clientes/4/primera/cuestionario tema 1.pdf,NULL,1,0,1,4
89,20/01/2015 21:50,clientes/4/primera/Encuesta EmbApp.pdf,NULL,1,0,1,4
90,20/01/2015 21:50,clientes/4/RSDLite v44 User Manual.pdf,NULL,1,0,1,4
91,21/04/2014 20:53,clientes/8/COA_2013 /OEC2Z1412011_2013.htm,NULL,0,0,1,8
92,21/04/2014 20:54,clientes/8/COA_2013 /OEC2Z1412011_2013.coa,NULL,0,0,1,8
93,21/04/2014 20:54,clientes/8/COA_2013 /Oficio_OEC2Z1412011_2013.htm,NULL,0,0,1,8
94,21/04/2014 20:55,clientes/8/Jesús Olvera Autorización Semarnat.pdf,NULL,0,0,1,8
95,21/04/2014 20:56,clientes/8/Ecoamere Autorización.pdf,NULL,0,0,1,8
96,20/01/2015 21:50,clientes/4/Primera/ramos/1 Canvas.docx,NULL,1,0,1,4
97,20/01/2015 21:50,clientes/4/Primera/ramos/02 CANVAS.docx,NULL,1,0,1,4
98,20/01/2015 21:50,clientes/4/estados.sql,NULL,1,0,1,4
99,20/01/2015 21:50,clientes/4/cartografia.sql,NULL,1,0,1,4
100,20/01/2015 21:50,clientes/4/sitemap.xml,NULL,1,0,1,4
101,20/01/2015 21:50,clientes/4/sitemap.xml,NULL,1,0,1,4
102,20/01/2015 21:50,clientes/4/Historial de Pagos.docx,NULL,1,0,1,4
103,24/04/2014 13:14,clientes/10/Documentos oficiales/Poder Representante Chen Yang.pdf,NULL,0,0,1,10
104,24/04/2014 13:16,clientes/10/Patio Manzanillo/Autorizaciones/LAU.pdf,NULL,0,0,1,10
105,24/04/2014 13:19,clientes/10/Patio Manzanillo/Autorizaciones/Resolutivo Autorización MIA.pdf,NULL,0,0,1,10
106,24/04/2014 13:54,clientes/10/Patio Manzanillo/LAU: Evidencias de cumplimiento 2014/Acuse de recibido el COA_2013.pdf,NULL,0,0,1,10
107,24/04/2014 13:55,clientes/10/Patio Manzanillo/LAU: Evidencias de cumplimiento 2014/Oficio_MDA110600711_2013.htm,NULL,0,0,1,10
108,24/04/2014 13:57,clientes/10/Patio Manzanillo/LAU: Evidencias de cumplimiento 2014/Acuse de recibido entrega de monitoreo PST.pdf,NULL,0,0,1,10
109,24/04/2014 13:59,clientes/10/Patio Manzanillo/LAU: Evidencias de cumplimiento 2014/Respuesta de Semarnat a entrega de reporte de PST.pdf,NULL,0,0,1,10
110,24/04/2014 14:03,clientes/10/Patio Manzanillo/LAU: Evidencias de cumplimiento 2013/Acuse de recibido COA 2012.pdf,NULL,0,0,1,10
111,24/04/2014 14:04,clientes/10/Patio Manzanillo/LAU: Evidencias de cumplimiento 2013/Acuse de recibido correcciones COA 2012.pdf,NULL,0,0,1,10
112,24/04/2014 14:05,clientes/10/Patio Manzanillo/LAU: Evidencias de cumplimiento 2013/MDA110600711_2012.htm,NULL,0,0,1,10
113,24/04/2014 14:06,clientes/10/Patio Manzanillo/LAU: Evidencias de cumplimiento 2013/Requerimiento de información a COA 2012.pdf,NULL,0,0,1,10
114,24/04/2014 14:12,clientes/10/Patio Manzanillo/LAU: Evidencias de cumplimiento 2013/Acuse de recibido de entrega monitoreo PST julio 2013.pdf,NULL,0,0,1,10
115,24/04/2014 14:15,clientes/10/Patio Manzanillo/LAU: Evidencias de cumplimiento 2013/Respuesta de Semarnat a entrega de reporte de PST Nov. 2013.pdf,NULL,0,0,1,10
116,24/04/2014 14:15,clientes/10/Patio Manzanillo/LAU: Evidencias de cumplimiento 2013/Respuesta de Semarnat a entrega de reporte de PST Nov. 2013.pdf,NULL,0,0,1,10
117,24/04/2014 14:16,clientes/10/Patio Manzanillo/LAU: Evidencias de cumplimiento 2013/Respuesta de Semarnat a Aviso de Suspensión de actividades.pdf,NULL,0,0,1,10
118,24/04/2014 14:18,clientes/10/Patio Manzanillo/LAU: Evidencias de cumplimiento 2013/Acuse de recibido entrega de monitoreo PST en Nov. 2013.pdf,NULL,0,0,1,10
119,24/04/2014 14:34,clientes/10/Patio Manzanillo/Resolutivo Exp. PFPA-13.2-2C.27.1-0071-13 A Minining Co.pdf,NULL,0,0,1,10
120,24/04/2014 14:42,clientes/10/Patio Manzanillo/Procedimiento Administrativo PROFEPA/Resolutivo Exp. PFPA-13.2-2C.27.1-0071-13 A Minining Co.pdf,NULL,0,0,1,10
121,24/04/2014 14:43,clientes/10/Patio Manzanillo/Procedimiento Administrativo PROFEPA/Acuerdo de Emplazamiento.pdf,NULL,0,0,1,10
122,27/04/2014 12:58,clientes/3/LAU/Evidencias de cumplimiento 2011/1a Condicionante programa de actividades a Semarnat.pdf,NULL,1,0,1,3
123,27/04/2014 12:58,clientes/3/LAU/Evidencias de cumplimiento 2012/Acuse de resultados de monitoreo Diciembre 2012.pdf,NULL,1,0,1,3
124,27/04/2014 12:58,clientes/3/LAU/Evidencias de cumplimiento 2012/Acuse de recibido COA 2011.pdf,NULL,1,0,1,3
125,27/04/2014 12:58,clientes/3/LAU/Evidencias de cumplimiento 2012/Reporte de COA 2011.pdf,NULL,1,0,1,3
126,27/04/2014 12:58,clientes/3/LAU/Evidencias de cumplimiento 2012/Reporte de Monitoreo de diciembre 2012.pdf,NULL,1,0,1,3
127,27/04/2014 12:58,clientes/3/LAU/Evidencias de cumplimiento 2011/CERTIFICADO BIODIGESTOR NOM-006.pdf,NULL,1,0,1,3
128,27/04/2014 12:58,clientes/3/LAU/Evidencias de cumplimiento 2012/CONTRATO MTTO FOSA SÉPTICA.pdf,NULL,1,0,1,3
129,27/04/2014 12:58,clientes/3/LAU/Evidencias de cumplimiento 2012/Constancia CAPDAM 2013.pdf,NULL,1,0,1,3
130,27/04/2014 12:58,clientes/3/LAU/Evidencias de cumplimiento 2013/Constancia CAPDAM 2013.pdf,NULL,1,0,1,3
131,27/04/2014 12:58,clientes/3/LAU/Evidencias de cumplimiento 2013/CONTRATO MTTO FOSA SÉPTICA.pdf,NULL,1,0,1,3
132,27/04/2014 12:58,clientes/3/LAU/Evidencias de cumplimiento 2012/Acuse de recibidos los resultados de monitoreo Jun-2012.pdf,NULL,1,0,1,3
133,27/04/2014 12:58,clientes/3/LAU/Evidencias de cumplimiento 2012/Acuse de recibido COA 2011.pdf,NULL,1,0,1,3
134,27/04/2014 12:58,clientes/3/LAU/Evidencias de cumplimiento 2012/Reporte de Monitoreo de diciembre 2013.pdf,NULL,1,0,1,3
135,27/04/2014 12:58,clientes/3/LAU/Evidencias de cumplimiento 2013/Reporte de Monitoreo de diciembre 2013.pdf,NULL,1,0,1,3
136,27/04/2014 12:58,clientes/3/LAU/Evidencias de cumplimiento 2013/Reporte de Monitoreo Julio 2013.pdf,NULL,1,0,1,3
137,27/04/2014 12:58,clientes/3/LAU/Evidencias de cumplimiento 2013/CONTRATO MTTO FOSA SÉPTICA.pdf,NULL,1,0,1,3
138,27/04/2014 12:58,clientes/3/LAU/Evidencias de cumplimiento 2012/CONTRATO MTTO FOSA SÉPTICA.pdf,NULL,1,0,1,3
139,27/04/2014 12:58,clientes/3/LAU/Evidencias de cumplimiento 2013/Acuse de recibido resultados de monitoreo Dic. 2013.pdf,NULL,1,0,1,3
140,27/04/2014 12:58,clientes/3/LAU/Solicitud de LAU.pdf,NULL,1,0,1,3
141,27/04/2014 12:58,clientes/3/LAU/Evidencias de cumplimiento 2012/CONTRATO MTTO FOSA SÉPTICA.pdf,NULL,1,0,1,3
142,27/04/2014 12:58,clientes/3/LAU/Evidencias de cumplimiento 2013/CONTRATO MTTO FOSA SÉPTICA.pdf,NULL,1,0,1,3
143,27/04/2015 19:52,clientes/3/LAU/Evidencias de cumplimiento 2014/estructura IRK.pdf,NULL,1,0,1,3
144,27/04/2015 19:52,clientes/3/LAU/Evidencias de cumplimiento 2014/Contrato de Mantto a Fosa Séptica 2014.pdf,NULL,1,0,0,3
145,27/04/2015 19:52,clientes/3/LAU/Evidencias de cumplimiento 2012/Reporte de Monitoreo PST junio 2012.pdf,NULL,1,0,0,3
146,27/04/2015 19:52,clientes/3/Documentos oficiales/Identificación de Namik.pdf,NULL,1,0,0,3
147,27/04/2015 19:52,clientes/3/Documentos oficiales/Identificacion Manuel Fuentes.pdf,NULL,1,0,0,3
148,29/04/2014 00:20,clientes/11/LAU-06-007-2011.pdf,NULL,0,0,1,11
149,29/04/2014 00:22,clientes/11/LAU-06/007/2011/LAU-06-007-2011.pdf,NULL,0,0,1,11
150,29/04/2014 13:44,clientes/11/LAU-06/007/2011/Evidencias de cumplimiento 2013/Manifiesto por recolección de Aguas Residuales Sept-2013.pdf,NULL,0,0,1,11
151,29/04/2014 13:46,clientes/11/LAU-06/007/2011/Evidencias de cumplimiento 2013/Factura por servicio Recolección Aguas Res. Abril-Junio 2013.pdf,NULL,0,0,1,11
152,29/04/2014 13:49,clientes/11/LAU-06/007/2011/Evidencias de cumplimiento 2013/Manifiesto por recolección de Aguas Residuales Sept-2013.pdf,NULL,0,0,1,11
153,20/01/2015 21:50,clientes/4/Cuarta/guia-thomson-310811.pdf,NULL,1,0,1,4
154,20/01/2015 21:50,clientes/4/Cuarta/motherboard_manual_ga-m61pme-s2p_e.pdf,NULL,1,0,1,4
155,20/01/2015 21:50,clientes/4/Cuarta/RSDLite v44 User Manual.pdf,NULL,1,0,1,4
156,29/04/2014 19:36,clientes/11/Rocasa-LAU-06-007-2011/LAU-06-007-2011.pdf,NULL,0,0,1,11
157,29/04/2014 19:44,clientes/11/Rocasa-LAU-06-007-2011/Evidencias de cumplimiento 2011/Acuse de recibido el Programa de Construcción de estructura y malla.pdf,NULL,0,0,1,11
158,29/04/2014 20:27,clientes/11/Rocasa-LAU-06-007-2011/Evidencias de cumplimiento 2013/Acuse de recibido el Reporte de monitoreo PST Sept. 2013.pdf,NULL,0,0,1,11
159,29/04/2014 20:51,clientes/11/Documentos oficiales/Título de propiedad del Predio.pdf,NULL,0,0,1,11
160,27/04/2015 19:52,clientes/3/LAU/Evidencias de cumplimiento 2014/Bitácora de mantenimiento 2013-2014.pdf,NULL,1,0,1,3
161,27/04/2015 19:52,clientes/3/LAU/Evidencias de cumplimiento 2014/Bitácora de mantenimiento Estructura y aspersores.pdf,NULL,1,0,1,3
162,27/04/2015 19:52,clientes/3/LAU/Evidencias de cumplimiento 2014/Bitácora de mantenimiento MQ. Fintec 2013-2014.pdf,NULL,1,0,1,3
163,27/04/2015 19:52,clientes/3/LAU/Evidencias de cumplimiento 2011/CERTIFICADO BIODIGESTOR al 2012.pdf,NULL,1,0,1,3
164,27/04/2015 19:52,clientes/3/LAU/Evidencias de cumplimiento 2011/PROGRAMA DE MANTENIMIENTO DE EQUIPO DE PROCESO Y SISTEMA DE CONTROL DE EMISIONES.pdf,NULL,1,0,1,3
165,27/04/2015 19:52,clientes/3/LAU/Evidencias de cumplimiento 2014/Especificaciones técnicas del sistema de control de emisiones.pdf,NULL,1,0,1,3
166,27/04/2015 19:52,clientes/3/LAU/Evidencias de cumplimiento 2014/PROGRAMA DE MANTENIMIENTO DE EQUIPO DE PROCESO Y SISTEMA DE CONTROL DE EMISIONES.pdf,NULL,1,0,1,3
167,27/04/2015 19:52,clientes/3/LAU/Evidencias de cumplimiento 2011/Diesel.pdf,NULL,1,0,1,3
168,27/04/2015 19:52,clientes/3/LAU/Evidencias de cumplimiento 2011/Hoja de Datos de seguridad del Diesel.pdf,NULL,1,0,1,3
169,27/04/2015 19:52,clientes/3/LAU/Evidencias de cumplimiento 2012/Reporte de Monitoreo PST Diciembre 2012.pdf,NULL,1,0,1,3
170,27/04/2015 19:52,clientes/3/LAU/Evidencias de cumplimiento 2013/Bitácora de retorno de material estéril 2013.PDF,NULL,1,0,1,3
171,04/05/2014 19:21,clientes/11/Rocasa-LAU-06-007-2011/Evidencias de cumplimiento 2012/Profepa Acuerdo de Cierre de Procedimiento 747.2012.    05 Dic 2012.pdf,NULL,0,0,1,11
172,04/05/2014 19:30,clientes/11/Rocasa-LAU-06-007-2011/Evidencias de cumplimiento 2012/Reporte de monitoreo de PST Agosto 2012.pdf,NULL,0,0,1,11
173,04/05/2014 20:16,clientes/11/Rocasa-LAU-06-007-2011/Evidencias de cumplimiento 2013/Reporte de monitoreo de PST Septiembre 2013.pdf,NULL,0,0,1,11
174,04/05/2014 20:38,clientes/11/En Materia de Residuos Peligrosos/Manifiestos de Residuos Peligrosos.pdf,NULL,0,0,1,11
175,04/05/2014 20:48,clientes/11/Rocasa-LAU-06-007-2011/Evidencias de cumplimiento 2013/Oficio de entrega y Acuse de recibida la COA_2012.pdf,NULL,0,0,1,11
176,04/05/2014 20:49,clientes/11/Documentos oficiales/Dictámen de uso de suelo. 23 Sept 2011.pdf,NULL,0,0,1,11
177,04/05/2014 21:04,clientes/11/Rocasa-LAU-06-007-2011/Evidencias de cumplimiento 2013/Oficio de Semarnat de recibido Reporte de Evaluación de PST de .pdf,NULL,0,0,1,11
178,04/05/2014 21:11,clientes/11/Rocasa-LAU-06-007-2011/Evidencias de cumplimiento 2012/Oficio de Semarnat de Respuesta a evidencias de cumplimiento a .pdf,NULL,0,0,1,11
179,04/05/2014 21:17,clientes/11/Rocasa-LAU-06-007-2011/Evidencias de cumplimiento 2012/Acuse de recibida el reporte de la COA_2011.pdf,NULL,0,0,1,11
180,04/05/2014 21:26,clientes/11/Rocasa-LAU-06-007-2011/Evidencias de cumplimiento 2012/Oficio de Semarnat de recibido el Programa de Construcción de e.pdf,NULL,0,0,1,11
181,04/05/2014 21:29,clientes/11/Rocasa-LAU-06-007-2011/Evidencias de cumplimiento 2012/Oficio de Semarnat de recibido el Programa de Construcción de estructura.pdf,NULL,0,0,1,11
182,04/05/2014 21:37,clientes/11/Rocasa-LAU-06-007-2011/Evidencias de cumplimiento 2012/Oficio Semarnat de recibido Programa de Construcción de estructura y monitoreo Feb 2012.pdf,NULL,0,0,1,11
183,25/05/2014 11:35,clientes/18/Residuos Peligrosos/Manifiestos generados.pdf,NULL,1,0,1,18
184,03/06/2014 23:12,clientes/19/LAU/Solicitud de Licencia Ambiental Única.pdf,NULL,0,0,1,19
185,03/06/2014 23:14,clientes/19/LAU/M. Dueñas LAU-06-014-2012.pdf,NULL,0,0,1,19
186,03/06/2014 23:17,clientes/19/LAU/Evidencias de cumplimiento 2012/Acuse de recibidas Condicionantes a LAU.pdf,NULL,0,0,1,19
187,03/06/2014 23:18,clientes/19/LAU/Evidencias de cumplimiento 2012/Oficio Semarnat por recibida primera condicionante.pdf,NULL,0,0,1,19
188,03/06/2014 23:20,"clientes/19/LAU/Evidencias de cumplimiento 2012/Oficio SEMARNAT recibidas 2a, 3a y 4a Condicionantes a LAU.pdf",NULL,0,0,1,19
189,03/06/2014 23:21,clientes/19/LAU/Evidencias de cumplimiento 2012/Oficio Semarnat de recibir info sexta condicionante de LAU.pdf,NULL,0,0,1,19
190,03/06/2014 23:21,clientes/19/LAU/Evidencias de cumplimiento 2012/Aviso de no operaciones  Mayo 2012.pdf,NULL,0,0,1,19
191,03/06/2014 23:29,clientes/19/LAU/Evidencias de cumplimiento 2012/Reporte de monitoreo de PST abril 2012.pdf,NULL,0,0,1,19
192,04/06/2014 20:25,clientes/20/Licencia Local de Funcionamiento Ambiental/Licencia Local de Funcionamiento Ambiental COCO COLIMA.pdf,NULL,1,0,1,20
193,04/06/2014 20:25,clientes/20/Licencia Local de Funcionamiento Ambiental/Evidencias de cumplimiento 2014/Acuse de ingresado el Plan de Manejo de RME y anexos.pdf,NULL,1,0,1,20
194,04/06/2014 20:25,clientes/20/En Materia de Residuos Peligrosos/Manifiestos del 20-04-2010  al  22-05-2014.pdf,NULL,1,0,1,20
195,04/06/2014 20:25,clientes/20/En Materia de Residuos Peligrosos/Manifiestos del 20-04-2010  al  22-05-2014.pdf,NULL,1,0,1,20
196,27/04/2015 19:52,clientes/3/LAU/Evidencias de cumplimiento 2014/Requerimiento de Semarnat a COA_2013.pdf,NULL,1,0,1,3
197,27/04/2015 19:52,clientes/3/LAU/Evidencias de cumplimiento 2014/Acuse de Atención a Requerimiento por COA 2013.pdf,NULL,1,0,1,3
198,27/04/2015 19:52,clientes/3/LAU/Inspecciones de PROFEPA/2014/ORDEN DE INSPECCION PROFEPA 19 mayo 2014.pdf,NULL,1,0,1,3
199,09/06/2014 10:28,"clientes/11/Rocasa-LAU-06-007-2011/Solicitud de LAU, formato y anexos.pdf",NULL,0,0,1,11
200,09/06/2014 20:00,clientes/11/Rocasa-LAU-06-007-2011/Evidencias de cumplimiento 2014/Acuse de recibida la COA 2013.pdf,NULL,0,0,1,11
201,12/06/2014 23:11,clientes/20/En Materia de Residuos Peligrosos/RDV Modificación a Autorización SEMARNAT.pdf,NULL,0,0,1,20
202,12/06/2014 23:13,clientes/20/En Materia de Residuos Peligrosos/014-002-682-95 Transporte Alicia Huerta.pdf,NULL,0,0,1,20
203,12/06/2014 23:13,clientes/20/En Materia de Residuos Peligrosos/14-98B-PS-II-18-03 Alicia Huerta ACOPIO.pdf,NULL,0,0,1,20
204,06/05/2015 20:05,clientes/21/En Materia de Residuos Peligrosos/RDV Modificación a Autorización SEMARNAT.pdf,NULL,1,0,1,21
205,06/05/2015 20:05,clientes/21/En Materia de Residuos Peligrosos/Manifiestos a abril 2014.pdf,NULL,1,0,1,21
206,27/04/2015 19:52,clientes/3/LAU/Inspecciones de PROFEPA/2014/SOLICITUD A PROFEPA DE COPIAS RESOLUCION 060.pdf,NULL,1,0,1,3
207,27/04/2015 19:52,clientes/3/LAU/Inspecciones de PROFEPA/2013/Resolución Admva. No. 227-2013  de Exp. PFPA. 0032-13 .pdf,NULL,1,0,0,3
208,27/04/2015 19:52,clientes/3/LAU/Evidencias de cumplimiento 2014/Requerimiento a solicitud de Actualización.pdf,NULL,1,0,0,3
209,29/06/2014 13:41,clientes/20/En Materia de Residuos Peligrosos/Recategorización como generador de RP´s.pdf,NULL,0,0,1,20
210,27/04/2015 19:52,clientes/3/LAU/Actualizacion de la LAU/Solicitud de Actualización de LAU.pdf,NULL,1,0,1,3
211,27/04/2015 19:52,clientes/3/LAU/Actualizacion de la LAU/Requerimiento a solicitud de Actualización.pdf,NULL,1,0,1,3
212,27/04/2015 19:52,clientes/3/LAU/Actualizacion de la LAU/Información ingresada para requerimiento por actualización.pdf,NULL,1,0,1,3
213,27/04/2015 19:52,clientes/3/LAU/Actualizacion de la LAU/2o. Requerimiento a solicitud de Actualización.pdf,NULL,1,0,1,3
214,27/04/2015 19:52,clientes/3/LAU/Actualizacion de la LAU/2o. Requerimiento a solicitud de Actualización.pdf,NULL,1,0,1,3
215,27/04/2015 19:52,clientes/3/LAU/Actualizacion de la LAU/2o. Requerimiento a solicitud de Actualización.pdf,NULL,1,0,1,3
216,27/04/2015 19:52,clientes/3/LAU/Actualizacion de la LAU/Información ingresada por 2o. requerimiento por actualización.pdf,NULL,1,0,1,3
217,27/04/2015 19:52,clientes/3/LAU/Actualizacion de la LAU/Información ingresada por 2o. requerimiento por actualización.pdf,NULL,1,0,1,3
218,20/01/2015 21:50,clientes/4/aceptados_2014.pdf,NULL,1,0,1,4
219,20/01/2015 21:50,clientes/4/aceptados_2014.pdf,NULL,1,0,1,4
220,20/01/2015 21:50,clientes/4/pythonbook.pdf,NULL,1,0,1,4
221,27/04/2015 19:52,clientes/3/LAU/LAU-06-006-2011 Actualización.pdf,NULL,1,0,1,3
222,20/10/2014 18:45,clientes/23/Registro Como Generador de RPs/Registro como Generador de RP´s.pdf,NULL,0,0,1,23
223,20/10/2014 18:52,clientes/23/Registro Como Generador de RPs/Solicitud de Registro como Generador de RP´s.pdf,NULL,0,0,1,23
224,20/10/2014 19:10,clientes/19/LAU/Evidencias de cumplimiento 2014/Acuse de recibido Sexta Condicionante Octubre 2014.pdf,NULL,0,0,1,19
225,20/01/2015 21:50,clientes/4/logo.PNG,NULL,1,0,1,4
226,20/01/2015 21:50,clientes/4/MANUAL MERCADO COLIMA.pdf,NULL,1,0,1,4
227,20/01/2015 21:50,clientes/4/300C.bmp,NULL,1,0,1,4
228,20/01/2015 21:50,clientes/4/Mustang-Wallpapers-31.jpg,NULL,1,0,1,4
229,20/01/2015 21:50,clientes/4/Saleen-S281-Side.JPG,NULL,1,0,1,4
230,20/01/2015 21:50,clientes/4/Saleen-S281-Rear.jpg,NULL,1,0,1,4
231,20/01/2015 21:50,clientes/4/Cuarta/Saleen-S281-Rear.jpg,NULL,1,0,1,4
232,20/01/2015 21:50,clientes/4/maestrosdelweb-curso-django.pdf,NULL,1,0,1,4
233,20/01/2015 21:50,clientes/4/Cuarta/Saleen-S281-Side.JPG,NULL,1,0,1,4
234,20/01/2015 21:50,clientes/4/Aprendiendo UML en 24 horas.pdf,NULL,1,0,1,4
235,20/01/2015 21:50,clientes/4/Libro laravel v4.pdf,NULL,1,0,1,4
236,02/12/2014 22:02,clientes/24/Documentos legales/Akiton Acta Constitutiva..pdf,NULL,0,0,1,24
237,02/12/2014 22:03,clientes/24/Documentos legales/asemblea to take out Nazar and leave only danny and chuck july 9 2014 .pdf,NULL,0,0,1,24
238,02/12/2014 22:04,clientes/24/Documentos legales/Contrato de arrendamiento.pdf,NULL,0,0,1,24
239,02/12/2014 22:04,clientes/24/Documentos legales/Dictamen de Uso de Suelo.pdf,NULL,0,0,1,24
240,02/12/2014 22:05,clientes/24/Documentos legales/Poder de Arvil Eugene Moses Jr..pdf,NULL,0,0,1,24
241,02/12/2014 22:08,clientes/24/Documentos para solicitud de LAU/Plano de ubicacion de equipos AKITON-Layout1.pdf,NULL,0,0,1,24
242,27/04/2015 19:52,clientes/3/LAU/LAU-06-006-2011 Actualización.pdf,NULL,1,0,1,3
243,04/12/2014 17:44,clientes/24/Documentos para solicitud de LAU/Acuse de ingresada la Solicitud de la LAU.pdf,NULL,0,0,1,24
244,04/12/2014 17:44,clientes/24/Documentos para solicitud de LAU/Acuse de aviso de pruebas.pdf,NULL,0,0,1,24
245,05/05/2015 22:46,clientes/20/En Materia de Residuos Peligrosos/Manifiestos generados/Manifiesto 141 de Coco.pdf,NULL,0,0,1,20
246,06/05/2015 20:05,clientes/21/En Materia de Residuos Peligrosos/Manifiestos generados/Manifiesto 142 de AHK.pdf,NULL,1,0,1,21
247,06/05/2015 20:05,clientes/21/En Materia de Residuos Peligrosos/Manifiestos generados/Manifiesto 142 de AHK.pdf,NULL,1,0,1,21
248,10/05/2015 14:46,clientes/24/LAU-06-004-2015  AKITON.pdf,NULL,0,0,1,24
249,10/05/2015 14:49,clientes/24/Resolutivo IMADES Akiton.pdf,NULL,0,0,1,24
250,10/05/2015 14:53,clientes/24/Akiton_Programa de cumplimiento a Actividades.xlsx,NULL,0,0,1,24
251,10/05/2015 14:56,clientes/24/Documentos para solicitud de LAU/LAU Requerimiento de información.pdf,NULL,0,0,1,24
252,10/08/2015 12:19,clientes/25/2013/COA/CEB060091111_2013.coa,NULL,0,0,1,25
253,10/08/2015 12:19,clientes/25/2013/COA/CEB060091111_2013.doc,NULL,0,0,1,25
254,10/08/2015 12:19,clientes/25/2013/COA/COA CEB060091111_2013.pdf,NULL,0,0,1,25
255,10/08/2015 12:19,clientes/25/2013/COA/Documento de entrega.docx,NULL,0,0,1,25
256,10/08/2015 12:21,clientes/25/2013/COA/2da Oportunidad/CEB060091111_2013.coa,NULL,0,0,1,25
257,10/08/2015 12:21,clientes/25/2013/COA/2da Oportunidad/CEB060091111_2013.doc,NULL,0,0,1,25
258,10/08/2015 12:21,clientes/25/2013/COA/2da Oportunidad/PORTADA CD.pptx,NULL,0,0,1,25
259,10/08/2015 12:24,clientes/25/2014/CONAGUA/CONAGUA.pdf,NULL,0,0,1,25
260,10/08/2015 12:24,clientes/25/2014/CONAGUA/Documento de solicitud Prórroga.docx,NULL,0,0,1,25
261,10/08/2015 12:24,clientes/25/2014/CONAGUA/Invitación a pagar.pdf,NULL,0,0,1,25
262,10/08/2015 12:24,clientes/25/2014/CONAGUA/Requerimiento de información.pdf,NULL,0,0,1,25
263,02/02/2016 14:05,clientes/2/Manifiestos /Manifiesto 0005_Coco Colima.pdf,NULL,0,0,1,2
264,02/02/2016 14:05,clientes/2/Manifiestos /Manifiesto 0025_Coco Colima.pdf,NULL,0,0,1,2
265,02/02/2016 14:05,clientes/2/Manifiestos /Manifiesto 0026_Coco Colima.pdf,NULL,0,0,1,2
266,02/02/2016 14:05,clientes/2/Manifiestos /Manifiesto 0027_Marindustrias.pdf,NULL,0,0,1,2
267,02/02/2016 14:05,clientes/2/Manifiestos /Manifiesto 0028_Marfrigo.pdf,NULL,0,0,1,2
268,02/02/2016 14:05,clientes/2/Manifiestos /Manifiesto 0029_Marítima y servicios.pdf,NULL,0,0,1,2
269,02/02/2016 14:05,clientes/2/Manifiestos /Manifiesto 0034_Marindustrias.pdf,NULL,0,0,1,2
270,02/02/2016 14:05,clientes/2/Manifiestos /Manifiesto 0038_Terminal Marítima Mzo.pdf,NULL,0,0,1,2
271,02/02/2016 14:05,clientes/2/Manifiestos /Manifiesto 0044_Concepción Llerenas Tejeda.pdf,NULL,0,0,1,2
272,02/02/2016 14:05,clientes/2/Manifiestos /Manifiesto 0056_Coco Colima.pdf,NULL,0,0,1,2
273,02/02/2016 14:06,clientes/2/Manifiestos /Manifiesto 0005_Coco Colima.pdf,NULL,0,0,1,2
274,02/02/2016 14:06,clientes/2/Manifiestos /Manifiesto 0025_Coco Colima.pdf,NULL,0,0,1,2
275,02/02/2016 14:06,clientes/2/Manifiestos /Manifiesto 0026_Coco Colima.pdf,NULL,0,0,1,2
276,02/02/2016 14:06,clientes/2/Manifiestos /Manifiesto 0027_Marindustrias.pdf,NULL,0,0,1,2
277,02/02/2016 14:06,clientes/2/Manifiestos /Manifiesto 0028_Marfrigo.pdf,NULL,0,0,1,2
278,02/02/2016 14:06,clientes/2/Manifiestos /Manifiesto 0029_Marítima y servicios.pdf,NULL,0,0,1,2
279,02/02/2016 14:06,clientes/2/Manifiestos /Manifiesto 0034_Marindustrias.pdf,NULL,0,0,1,2
280,02/02/2016 14:06,clientes/2/Manifiestos /Manifiesto 0038_Terminal Marítima Mzo.pdf,NULL,0,0,1,2
281,02/02/2016 14:06,clientes/2/Manifiestos /Manifiesto 0044_Concepción Llerenas Tejeda.pdf,NULL,0,0,1,2
282,02/02/2016 14:06,clientes/2/Manifiestos /Manifiesto 0056_Coco Colima.pdf,NULL,0,0,1,2
283,02/02/2016 14:06,clientes/2/Manifiestos /Manifiesto 0086_Copisistemas (2).pdf,NULL,0,0,1,2
284,02/02/2016 14:06,clientes/2/Manifiestos /Manifiesto 0086_Copisistemas.pdf,NULL,0,0,1,2
285,02/02/2016 14:06,clientes/2/Manifiestos /Manifiesto 0088_Marindustrias.pdf,NULL,0,0,1,2
286,02/02/2016 14:06,clientes/2/Manifiestos /Manifiesto 0090_CFE.pdf,NULL,0,0,1,2
287,02/02/2016 14:06,clientes/2/Manifiestos /Manifiesto 0090_Marítima y Servicios.pdf,NULL,0,0,1,2
288,02/02/2016 14:06,clientes/2/Manifiestos /Manifiesto 0092 _CFE.pdf,NULL,0,0,1,2
289,02/02/2016 14:06,clientes/2/Manifiestos /Manifiesto 0094_CFE.pdf,NULL,0,0,1,2
290,02/02/2016 14:06,clientes/2/Manifiestos /Manifiesto 0096_Marítima y Servicios.pdf,NULL,0,0,1,2
291,02/02/2016 14:06,clientes/2/Manifiestos /Manifiesto 0097_Marfrigo.pdf,NULL,0,0,1,2
292,02/02/2016 14:06,clientes/2/Manifiestos /Manifiesto 0099_Marindustrias.pdf,NULL,0,0,1,2
293,03/02/2016 00:39,clientes/2/Manifiestos /Manifiesto 0005_Coco Colima.pdf,NULL,0,0,1,2
294,03/02/2016 00:39,clientes/2/Manifiestos /Manifiesto 0025_Coco Colima.pdf,NULL,0,0,1,2
295,03/02/2016 00:39,clientes/2/Manifiestos /Manifiesto 0026_Coco Colima.pdf,NULL,0,0,1,2
296,03/02/2016 00:39,clientes/2/Manifiestos /Manifiesto 0027_Marindustrias.pdf,NULL,0,0,1,2
297,03/02/2016 00:39,clientes/2/Manifiestos /Manifiesto 0028_Marfrigo.pdf,NULL,0,0,1,2
298,03/02/2016 00:39,clientes/2/Manifiestos /Manifiesto 0029_Marítima y servicios.pdf,NULL,0,0,1,2
299,03/02/2016 00:39,clientes/2/Manifiestos /Manifiesto 0034_Marindustrias.pdf,NULL,0,0,1,2
300,03/02/2016 00:39,clientes/2/Manifiestos /Manifiesto 0038_Terminal Marítima Mzo.pdf,NULL,0,0,1,2
301,03/02/2016 00:39,clientes/2/Manifiestos /Manifiesto 0044_Concepción Llerenas Tejeda.pdf,NULL,0,0,1,2
302,03/02/2016 00:39,clientes/2/Manifiestos /Manifiesto 0056_Coco Colima.pdf,NULL,0,0,1,2
303,03/02/2016 00:39,clientes/2/Manifiestos /Manifiesto 0086_Copisistemas (2).pdf,NULL,0,0,1,2
304,03/02/2016 00:39,clientes/2/Manifiestos /Manifiesto 0086_Copisistemas.pdf,NULL,0,0,1,2
305,03/02/2016 00:39,clientes/2/Manifiestos /Manifiesto 0088_Marindustrias.pdf,NULL,0,0,1,2
306,03/02/2016 00:39,clientes/2/Manifiestos /Manifiesto 0090_CFE.pdf,NULL,0,0,1,2
307,03/02/2016 00:39,clientes/2/Manifiestos /Manifiesto 0090_Marítima y Servicios.pdf,NULL,0,0,1,2
308,03/02/2016 00:39,clientes/2/Manifiestos /Manifiesto 0092 _CFE.pdf,NULL,0,0,1,2
309,03/02/2016 00:39,clientes/2/Manifiestos /Manifiesto 0094_CFE.pdf,NULL,0,0,1,2
310,03/02/2016 00:39,clientes/2/Manifiestos /Manifiesto 0096_Marítima y Servicios.pdf,NULL,0,0,1,2
311,03/02/2016 00:39,clientes/2/Manifiestos /Manifiesto 0097_Marfrigo.pdf,NULL,0,0,1,2
312,03/02/2016 00:39,clientes/2/Manifiestos /Manifiesto 0099_Marindustrias.pdf,NULL,0,0,1,2
313,03/02/2016 15:12,clientes/2/Manifiestos /Manifiesto 0005_Coco Colima.pdf,NULL,0,0,0,2
314,03/02/2016 15:12,clientes/2/Manifiestos /Manifiesto 0025_Coco Colima.pdf,NULL,0,0,0,2
315,03/02/2016 15:12,clientes/2/Manifiestos /Manifiesto 0026_Coco Colima.pdf,NULL,0,0,0,2
316,03/02/2016 15:12,clientes/2/Manifiestos /Manifiesto 0027_Marindustrias.pdf,NULL,0,0,0,2
317,03/02/2016 15:12,clientes/2/Manifiestos /Manifiesto 0028_Marfrigo.pdf,NULL,0,0,0,2
318,03/02/2016 15:12,clientes/2/Manifiestos /Manifiesto 0029_Marítima y servicios.pdf,NULL,0,0,0,2
319,03/02/2016 15:12,clientes/2/Manifiestos /Manifiesto 0034_Marindustrias.pdf,NULL,0,0,0,2
320,03/02/2016 15:12,clientes/2/Manifiestos /Manifiesto 0038_Terminal Marítima Mzo.pdf,NULL,0,0,0,2
321,03/02/2016 15:12,clientes/2/Manifiestos /Manifiesto 0044_Concepción Llerenas Tejeda.pdf,NULL,0,0,0,2
322,03/02/2016 15:14,clientes/2/Manifiestos /Manifiesto 0056_Coco Colima.pdf,NULL,0,0,0,2
323,03/02/2016 15:14,clientes/2/Manifiestos /Manifiesto 0086_Copisistemas (2).pdf,NULL,0,0,0,2
324,03/02/2016 15:14,clientes/2/Manifiestos /Manifiesto 0086_Copisistemas.pdf,NULL,0,0,0,2
325,03/02/2016 15:14,clientes/2/Manifiestos /Manifiesto 0088_Marindustrias.pdf,NULL,0,0,0,2
326,03/02/2016 15:14,clientes/2/Manifiestos /Manifiesto 0090_CFE.pdf,NULL,0,0,0,2
327,03/02/2016 15:14,clientes/2/Manifiestos /Manifiesto 0090_Marítima y Servicios.pdf,NULL,0,0,0,2
328,03/02/2016 15:14,clientes/2/Manifiestos /Manifiesto 0092 _CFE.pdf,NULL,0,0,0,2
329,03/02/2016 15:14,clientes/2/Manifiestos /Manifiesto 0094_CFE.pdf,NULL,0,0,0,2
330,03/02/2016 15:14,clientes/2/Manifiestos /Manifiesto 0096_Marítima y Servicios.pdf,NULL,0,0,0,2
331,03/02/2016 15:14,clientes/2/Manifiestos /Manifiesto 0097_Marfrigo.pdf,NULL,0,0,0,2
332,03/02/2016 15:14,clientes/2/Manifiestos /Manifiesto 0099_Marindustrias.pdf,NULL,0,0,0,2
333,03/02/2016 15:18,clientes/2/Manifiestos /Manifiesto 0117_Coco es.pdf,NULL,0,0,0,2
334,03/02/2016 15:18,clientes/2/Manifiestos /Manifiesto 0122_ASA.pdf,NULL,0,0,0,2
335,03/02/2016 15:18,clientes/2/Manifiestos /Manifiesto 0123_Claudio Martínez.pdf,NULL,0,0,0,2
336,03/02/2016 15:18,clientes/2/Manifiestos /Manifiesto 0131_Marindustrias (2).pdf,NULL,0,0,0,2
337,03/02/2016 15:18,clientes/2/Manifiestos /Manifiesto 0131_Marindustrias (3).pdf,NULL,0,0,0,2
338,03/02/2016 15:18,clientes/2/Manifiestos /Manifiesto 0131_Marindustrias.pdf,NULL,0,0,0,2
339,03/02/2016 15:18,clientes/2/Manifiestos /Manifiesto 0132_Marindustrias (2).pdf,NULL,0,0,0,2
340,03/02/2016 15:18,clientes/2/Manifiestos /Manifiesto 0132_Marindustrias.pdf,NULL,0,0,0,2
341,03/02/2016 15:18,clientes/2/Manifiestos /Manifiesto 0133_Copisistemas.pdf,NULL,0,0,0,2
342,03/02/2016 15:18,clientes/2/Manifiestos /Manifiesto 0136_Marfrigo.pdf,NULL,0,0,0,2
343,03/02/2016 15:18,clientes/2/Manifiestos /Manifiesto 0137_Marindustrias.pdf,NULL,0,0,0,2
344,03/02/2016 15:18,clientes/2/Manifiestos /Manifiesto 0138_Marindustrias.pdf,NULL,0,0,0,2
345,03/02/2016 15:18,clientes/2/Manifiestos /Manifiesto 0140_Coco Colima.pdf,NULL,0,0,0,2
346,03/02/2016 15:25,clientes/2/Manifiestos /Manifiesto 0141_Coco es (2).pdf,NULL,0,0,0,2
347,03/02/2016 15:25,clientes/2/Manifiestos /Manifiesto 0141_Coco es.pdf,NULL,0,0,0,2
348,03/02/2016 15:25,clientes/2/Manifiestos /Manifiesto 0142_AHK.pdf,NULL,0,0,0,2
349,03/02/2016 15:25,clientes/2/Manifiestos /Manifiesto 0143_Perforservices.pdf,NULL,0,0,0,2
350,03/02/2016 15:25,clientes/2/Manifiestos /Manifiesto 0143a_Perforservices.pdf,NULL,0,0,0,2
351,03/02/2016 15:25,clientes/2/Manifiestos /Manifiesto 0143b_Perforservices.pdf,NULL,0,0,0,2
352,03/02/2016 15:25,clientes/2/Manifiestos /Manifiesto 0144_Copisistemas.pdf,NULL,0,0,0,2
353,03/02/2016 15:25,clientes/2/Manifiestos /Manifiesto 0145_Newbauer.pdf,NULL,0,0,0,2
354,03/02/2016 15:25,clientes/2/Manifiestos /Manifiesto 0146_AHK.pdf,NULL,0,0,0,2
355,03/02/2016 15:25,clientes/2/Manifiestos /Manifiesto 0147_Marindustrias.pdf,NULL,0,0,0,2
356,03/02/2016 15:25,clientes/2/Manifiestos /Manifiesto 0148_Marindustrias.pdf,NULL,0,0,0,2
357,03/02/2016 15:25,clientes/2/Manifiestos /Manifiesto 0149_Marindustrias.pdf,NULL,0,0,0,2
358,03/02/2016 15:25,clientes/2/Manifiestos /Manifiesto 149_Marítima y Servicios.pdf,NULL,0,0,0,2
359,03/02/2016 15:25,clientes/2/Manifiestos /Manifiesto 0150_Copisistemas.pdf,NULL,0,0,0,2
360,03/02/2016 15:25,clientes/2/Manifiestos /Manifiesto 0151_Cemex.pdf,NULL,0,0,0,2
361,03/02/2016 15:25,clientes/2/Manifiestos /Manifiesto 0152_Compañía Terminal de Mzo.pdf,NULL,0,0,0,2
362,03/02/2016 15:25,clientes/2/Manifiestos /Manifiesto 0153_SLT.pdf,NULL,0,0,0,2
363,03/02/2016 15:25,clientes/2/Manifiestos /Manifiesto 0154 _AHK.pdf,NULL,0,0,0,2
364,03/02/2016 15:25,clientes/2/Manifiestos /Manifiesto 0155_Teresa Flores Pérez.pdf,NULL,0,0,0,2
365,03/02/2016 15:25,clientes/2/Manifiestos /Manifiesto 0156_Copisistemas.pdf,NULL,0,0,0,2
366,03/02/2016 15:32,clientes/2/Manifiestos /Manifiesto 0157_AHK.pdf,NULL,0,0,0,2
367,03/02/2016 15:32,clientes/2/Manifiestos /Manifiesto 0158a_ASA.pdf,NULL,0,0,0,2
368,03/02/2016 15:32,clientes/2/Manifiestos /Manifiesto 0158-a_ASA.pdf,NULL,0,0,0,2
369,03/02/2016 15:32,clientes/2/Manifiestos /Manifiesto 0159_Marindustrias.pdf,NULL,0,0,0,2
370,03/02/2016 15:32,clientes/2/Manifiestos /Manifiesto 160_Marítima y Servicios.pdf,NULL,0,0,0,2
371,03/02/2016 15:32,clientes/2/Manifiestos /Manifiesto 0161_Marindustrias.pdf,NULL,0,0,0,2
372,03/02/2016 15:32,clientes/2/Manifiestos /Manifiesto 0162_Marindustrias.pdf,NULL,0,0,0,2
373,03/02/2016 15:32,clientes/2/Manifiestos /Manifiesto 0163_Coco es (2).pdf,NULL,0,0,0,2
374,03/02/2016 15:32,clientes/2/Manifiestos /Manifiesto 0163_Coco es.pdf,NULL,0,0,0,2
375,03/02/2016 15:32,clientes/2/Manifiestos /Manifiesto 0164_Marindustrias.pdf,NULL,0,0,0,2
376,03/02/2016 15:32,clientes/2/Manifiestos /Manifiesto 0165_AHK.pdf,NULL,0,0,0,2
377,03/02/2016 15:32,clientes/2/Manifiestos /Manifiesto 0166_AHK.pdf,NULL,0,0,0,2
378,03/02/2016 15:32,clientes/2/Manifiestos /Manifiesto 0167_Copisistemas.pdf,NULL,0,0,0,2
379,03/02/2016 15:32,clientes/2/Manifiestos /Manifiesto 0168_Marindustrias.pdf,NULL,0,0,0,2
380,03/02/2016 15:32,clientes/2/Manifiestos /Manifiesto 0169_Marfrigo.pdf,NULL,0,0,0,2
381,03/02/2016 15:32,clientes/2/Manifiestos /Manifiesto 0170_Marindustrias.pdf,NULL,0,0,0,2
382,03/02/2016 15:37,clientes/2/Manifiestos /Manifiesto 0171_Marítimas y Servicios.pdf,NULL,0,0,0,2
383,03/02/2016 15:37,clientes/2/Manifiestos /Manifiesto 0172_Coco Colima.pdf,NULL,0,0,0,2
384,03/02/2016 15:37,clientes/2/Manifiestos /Manifiesto 0173_María Mercedes Díaz.pdf,NULL,0,0,0,2
385,03/02/2016 15:37,clientes/2/Manifiestos /Manifiesto 0174_AHK.pdf,NULL,0,0,0,2
386,03/02/2016 15:37,clientes/2/Manifiestos /Manifiesto 0175_Grupomar.pdf,NULL,0,0,0,2
387,03/02/2016 15:37,clientes/2/Manifiestos /Manifiesto 0176_Grupomar.pdf,NULL,0,0,0,2
388,03/02/2016 15:37,clientes/2/Manifiestos /Manifiesto 0177_Grupomar.pdf,NULL,0,0,0,2
389,03/02/2016 15:37,clientes/2/Manifiestos /Manifiesto 0178_Grupomar.pdf,NULL,0,0,0,2
390,03/02/2016 15:37,clientes/2/Manifiestos /Manifiesto 0179_Grupomar.pdf,NULL,0,0,0,2
391,03/02/2016 15:37,clientes/2/Manifiestos /Manifiesto 0180_Grupomar.pdf,NULL,0,0,0,2
392,03/02/2016 15:37,clientes/2/Manifiestos /Manifiesto 0181_AHK.pdf,NULL,0,0,0,2
393,03/02/2016 15:37,clientes/2/Manifiestos /Manifiesto 0182_Sigifredo Gudiño Toscano (Citrojugo planta b).pdf,NULL,0,0,0,2
394,03/02/2016 15:37,clientes/2/Manifiestos /Manifiesto 0183_Detecsa.pdf,NULL,0,0,0,2
395,03/02/2016 15:37,clientes/2/Manifiestos /Manifiesto 0184_Copisistemas.pdf,NULL,0,0,0,2
396,03/02/2016 15:38,clientes/2/Manifiestos /Manifiesto 0185_AHK.pdf,NULL,0,0,0,2
397,03/02/2016 15:45,clientes/2/Manifiestos /Manifiesto 0186_Cocoesb.pdf,NULL,0,0,0,2
398,03/02/2016 15:45,clientes/2/Manifiestos /Manifiesto 0187_AHK.pdf,NULL,0,0,0,2
399,03/02/2016 15:45,clientes/2/Manifiestos /Manifiesto 0188_Mepac.pdf,NULL,0,0,0,2
400,03/02/2016 15:45,clientes/2/Manifiestos /Manifiesto 0189_Marindustrias.pdf,NULL,0,0,0,2
401,03/02/2016 15:45,clientes/2/Manifiestos /Manifiesto 0190_Marindustrias.pdf,NULL,0,0,0,2
402,03/02/2016 15:45,clientes/2/Manifiestos /Manifiesto 0193_Copisistemas.pdf,NULL,0,0,0,2
403,03/02/2016 15:45,clientes/2/Manifiestos /Manifiesto 0194_Coco Colima.pdf,NULL,0,0,0,2
404,03/02/2016 15:45,clientes/2/Manifiestos /Manifiesto 0195_Coco Colima.pdf,NULL,0,0,0,2
405,03/02/2016 15:45,clientes/2/Manifiestos /Manifiesto 0197_Detecsa.pdf,NULL,0,0,0,2
406,03/02/2016 15:45,clientes/2/Manifiestos /Manifiesto 0198_AHK.pdf,NULL,0,0,0,2
407,03/02/2016 15:45,clientes/2/Manifiestos /Manifiesto 0199_Citrojugo.pdf,NULL,0,0,0,2
408,03/02/2016 15:45,clientes/2/Manifiestos /Manifiesto 0199_Sigifredo Gudiño Toscano (Citrojugo planta b).pdf,NULL,0,0,0,2
409,03/02/2016 15:45,clientes/2/Manifiestos /Manifiesto 0200_AHK.pdf,NULL,0,0,0,2
410,03/02/2016 15:45,clientes/2/Manifiestos /Manifiesto 0201_Ocupa.pdf,NULL,0,0,0,2
411,03/02/2016 15:45,clientes/2/Manifiestos /Manifiesto 0202_CFE.pdf,NULL,0,0,0,2
412,03/02/2016 15:45,clientes/2/Manifiestos /Manifiesto 0203_Copisistemas.pdf,NULL,0,0,0,2
413,03/02/2016 15:45,clientes/2/Manifiestos /Manifiesto 0204_AHK.pdf,NULL,0,0,0,2
414,03/02/2016 15:45,clientes/2/Manifiestos /Manifiesto 0205_Marindustrias.pdf,NULL,0,0,0,2
415,03/02/2016 15:55,clientes/2/Manifiestos /Manifiesto 0206_Marindustrias.pdf,NULL,0,0,0,2
416,03/02/2016 15:55,clientes/2/Manifiestos /Manifiesto 0207_Marindustrias.pdf,NULL,0,0,0,2
417,03/02/2016 15:55,clientes/2/Manifiestos /Manifiesto 0208_Marindustrias.pdf,NULL,0,0,0,2
418,03/02/2016 15:55,clientes/2/Manifiestos /Manifiesto 0209_AHK.pdf,NULL,0,0,0,2
419,03/02/2016 15:55,clientes/2/Manifiestos /Manifiesto 0209_Coco Colima.pdf,NULL,0,0,0,2
420,03/02/2016 15:55,clientes/2/Manifiestos /Manifiesto 0210_Coco Colima.pdf,NULL,0,0,0,2
421,03/02/2016 15:55,clientes/2/Manifiestos /Manifiesto 0211_AHK.pdf,NULL,0,0,0,2
422,03/02/2016 15:55,clientes/2/Manifiestos /Manifiesto 0215_Marítima y Servicios.pdf,NULL,0,0,0,2
423,03/02/2016 15:55,clientes/2/Manifiestos /Manifiesto 0216_Marfrigo.pdf,NULL,0,0,0,2
424,03/02/2016 15:55,clientes/2/Manifiestos /Manifiesto 0217_Marindustrias.pdf,NULL,0,0,0,2
425,03/02/2016 15:55,clientes/2/Manifiestos /Manifiesto 0218_Marindustrias.pdf,NULL,0,0,0,2
426,03/02/2016 15:55,clientes/2/Manifiestos /Manifiesto 0219_Coco es.pdf,NULL,0,0,0,2
427,03/02/2016 15:55,clientes/2/Manifiestos /Manifiesto 0220_AHK (2).pdf,NULL,0,0,0,2
428,03/02/2016 15:55,clientes/2/Manifiestos /Manifiesto 0220_AHK.pdf,NULL,0,0,0,2
429,03/02/2016 15:55,clientes/2/Manifiestos /Manifiesto 0220_Copisistemas.pdf,NULL,0,0,0,2
430,03/02/2016 15:55,clientes/2/Manifiestos /Manifiesto 0221_Coco es.pdf,NULL,0,0,0,2
431,03/02/2016 15:55,clientes/2/Manifiestos /Manifiesto 0222_ASA.pdf,NULL,0,0,0,2
432,03/02/2016 15:55,clientes/2/Manifiestos /Manifiesto 0223_Marindustrias.pdf,NULL,0,0,0,2
433,03/02/2016 15:55,clientes/2/Manifiestos /Manifiesto 0224_Marindustrias.pdf,NULL,0,0,0,2
434,03/02/2016 15:55,clientes/2/Manifiestos /Manifiesto 0225_Marítima y Servicios.pdf,NULL,0,0,0,2
435,03/02/2016 16:16,clientes/2/Manifiestos /Manifiesto 0226_Marfrigo.pdf,NULL,0,0,0,2
436,03/02/2016 16:16,clientes/2/Manifiestos /Manifiesto 0227_Marindustrias.pdf,NULL,0,0,0,2
437,03/02/2016 16:16,clientes/2/Manifiestos /Manifiesto 0228 _AHK.pdf,NULL,0,0,0,2
438,03/02/2016 16:16,clientes/2/Manifiestos /Manifiesto 0236_Marindustrias.pdf,NULL,0,0,0,2
439,03/02/2016 16:16,clientes/2/Manifiestos /Manifiesto 0237_Marindustrias.pdf,NULL,0,0,0,2
440,03/02/2016 16:16,clientes/2/Manifiestos /Manifiesto 0239_AHK.pdf,NULL,0,0,0,2
441,08/02/2016 11:41,clientes/20/Manifiestos /Manifiesto 0005_Coco Colima.pdf,NULL,0,0,1,20
442,08/02/2016 11:41,clientes/20/Manifiestos /Manifiesto 0210_Coco Colima.pdf,NULL,0,0,1,20
443,08/02/2016 11:41,clientes/20/Manifiestos /Manifiesto 0209_Coco Colima.pdf,NULL,0,0,1,20
444,08/02/2016 11:41,clientes/20/Manifiestos /Manifiesto 0056_Coco Colima.pdf,NULL,0,0,1,20
445,08/02/2016 11:41,clientes/20/Manifiestos /Manifiesto 0026_Coco Colima.pdf,NULL,0,0,1,20
446,08/02/2016 11:41,clientes/20/Manifiestos /Manifiesto 0025_Coco Colima.pdf,NULL,0,0,1,20
447,08/02/2016 11:41,clientes/20/Manifiestos /Manifiesto 0195_Coco Colima.pdf,NULL,0,0,1,20
448,08/02/2016 11:41,clientes/20/Manifiestos /Manifiesto 0194_Coco Colima.pdf,NULL,0,0,1,20
449,08/02/2016 11:41,clientes/20/Manifiestos /Manifiesto 0172_Coco Colima.pdf,NULL,0,0,1,20
450,08/02/2016 11:41,clientes/20/Manifiestos /Manifiesto 0140_Coco Colima.pdf,NULL,0,0,1,20
451,08/02/2016 11:51,clientes/26/Manifiestos /Manifiesto 0131_Marindustrias (3).pdf,NULL,0,0,1,26
452,08/02/2016 11:51,clientes/26/Manifiestos /Manifiesto 0034_Marindustrias.pdf,NULL,0,0,1,26
453,08/02/2016 11:51,clientes/26/Manifiestos /Manifiesto 0237_Marindustrias.pdf,NULL,0,0,1,26
454,08/02/2016 11:51,clientes/26/Manifiestos /Manifiesto 0236_Marindustrias.pdf,NULL,0,0,1,26
455,08/02/2016 11:51,clientes/26/Manifiestos /Manifiesto 0227_Marindustrias.pdf,NULL,0,0,1,26
456,08/02/2016 11:51,clientes/26/Manifiestos /Manifiesto 0224_Marindustrias.pdf,NULL,0,0,1,26
457,08/02/2016 11:51,clientes/26/Manifiestos /Manifiesto 0223_Marindustrias.pdf,NULL,0,0,1,26
458,08/02/2016 11:51,clientes/26/Manifiestos /Manifiesto 0218_Marindustrias.pdf,NULL,0,0,1,26
459,08/02/2016 11:51,clientes/26/Manifiestos /Manifiesto 0217_Marindustrias.pdf,NULL,0,0,1,26
460,08/02/2016 11:51,clientes/26/Manifiestos /Manifiesto 0207_Marindustrias.pdf,NULL,0,0,1,26
461,08/02/2016 11:51,clientes/26/Manifiestos /Manifiesto 0208_Marindustrias.pdf,NULL,0,0,1,26
462,08/02/2016 11:51,clientes/26/Manifiestos /Manifiesto 0206_Marindustrias.pdf,NULL,0,0,1,26
463,08/02/2016 11:51,clientes/26/Manifiestos /Manifiesto 0205_Marindustrias.pdf,NULL,0,0,1,26
464,08/02/2016 11:51,clientes/26/Manifiestos /Manifiesto 0190_Marindustrias.pdf,NULL,0,0,1,26
465,08/02/2016 11:51,clientes/26/Manifiestos /Manifiesto 0189_Marindustrias.pdf,NULL,0,0,1,26
466,08/02/2016 11:51,clientes/26/Manifiestos /Manifiesto 0170_Marindustrias.pdf,NULL,0,0,1,26
467,08/02/2016 11:51,clientes/26/Manifiestos /Manifiesto 0164_Marindustrias.pdf,NULL,0,0,1,26
468,08/02/2016 11:51,clientes/26/Manifiestos /Manifiesto 0162_Marindustrias.pdf,NULL,0,0,1,26
469,08/02/2016 11:51,clientes/26/Manifiestos /Manifiesto 0161_Marindustrias.pdf,NULL,0,0,1,26
470,08/02/2016 11:51,clientes/26/Manifiestos /Manifiesto 0159_Marindustrias.pdf,NULL,0,0,1,26
471,08/02/2016 12:02,clientes/26/Manifiestos /Manifiesto 0131_Marindustrias (3).pdf,NULL,0,0,1,26
472,08/02/2016 12:02,clientes/26/Manifiestos /Manifiesto 0034_Marindustrias.pdf,NULL,0,0,1,26
473,08/02/2016 12:02,clientes/26/Manifiestos /Manifiesto 0237_Marindustrias.pdf,NULL,0,0,1,26
474,08/02/2016 12:02,clientes/26/Manifiestos /Manifiesto 0236_Marindustrias.pdf,NULL,0,0,1,26
475,08/02/2016 12:02,clientes/26/Manifiestos /Manifiesto 0227_Marindustrias.pdf,NULL,0,0,1,26
476,08/02/2016 12:02,clientes/26/Manifiestos /Manifiesto 0224_Marindustrias.pdf,NULL,0,0,1,26
477,08/02/2016 12:02,clientes/26/Manifiestos /Manifiesto 0223_Marindustrias.pdf,NULL,0,0,1,26
478,08/02/2016 12:02,clientes/26/Manifiestos /Manifiesto 0218_Marindustrias.pdf,NULL,0,0,1,26
479,08/02/2016 12:02,clientes/26/Manifiestos /Manifiesto 0217_Marindustrias.pdf,NULL,0,0,1,26
480,08/02/2016 12:02,clientes/26/Manifiestos /Manifiesto 0207_Marindustrias.pdf,NULL,0,0,1,26
481,08/02/2016 12:04,clientes/26/Manifiestos /Manifiesto 0131_Marindustrias (3).pdf,NULL,0,0,1,26
482,08/02/2016 12:04,clientes/26/Manifiestos /Manifiesto 0034_Marindustrias.pdf,NULL,0,0,1,26
483,08/02/2016 12:04,clientes/26/Manifiestos /Manifiesto 0237_Marindustrias.pdf,NULL,0,0,1,26
484,08/02/2016 12:04,clientes/26/Manifiestos /Manifiesto 0236_Marindustrias.pdf,NULL,0,0,1,26
485,08/02/2016 12:04,clientes/26/Manifiestos /Manifiesto 0227_Marindustrias.pdf,NULL,0,0,1,26
486,08/02/2016 12:04,clientes/26/Manifiestos /Manifiesto 0224_Marindustrias.pdf,NULL,0,0,1,26
487,08/02/2016 12:04,clientes/26/Manifiestos /Manifiesto 0223_Marindustrias.pdf,NULL,0,0,1,26
488,08/02/2016 12:04,clientes/26/Manifiestos /Manifiesto 0218_Marindustrias.pdf,NULL,0,0,1,26
489,08/02/2016 12:04,clientes/26/Manifiestos /Manifiesto 0217_Marindustrias.pdf,NULL,0,0,1,26
490,08/02/2016 12:04,clientes/26/Manifiestos /Manifiesto 0207_Marindustrias.pdf,NULL,0,0,1,26
491,08/02/2016 12:11,clientes/26/Manifiestos /Manifiesto 0131_Marindustrias (3).pdf,NULL,0,0,1,26
492,08/02/2016 12:11,clientes/26/Manifiestos /Manifiesto 0034_Marindustrias.pdf,NULL,0,0,1,26
493,08/02/2016 12:11,clientes/26/Manifiestos /Manifiesto 0237_Marindustrias.pdf,NULL,0,0,1,26
494,08/02/2016 12:11,clientes/26/Manifiestos /Manifiesto 0236_Marindustrias.pdf,NULL,0,0,1,26
495,08/02/2016 12:11,clientes/26/Manifiestos /Manifiesto 0227_Marindustrias.pdf,NULL,0,0,1,26
496,08/02/2016 12:11,clientes/26/Manifiestos /Manifiesto 0224_Marindustrias.pdf,NULL,0,0,1,26
497,08/02/2016 12:11,clientes/26/Manifiestos /Manifiesto 0223_Marindustrias.pdf,NULL,0,0,1,26
498,08/02/2016 12:11,clientes/26/Manifiestos /Manifiesto 0218_Marindustrias.pdf,NULL,0,0,1,26
499,08/02/2016 12:11,clientes/26/Manifiestos /Manifiesto 0217_Marindustrias.pdf,NULL,0,0,1,26
500,08/02/2016 12:11,clientes/26/Manifiestos /Manifiesto 0207_Marindustrias.pdf,NULL,0,0,1,26
501,08/02/2016 12:12,clientes/26/Manifiestos /Manifiesto 0131_Marindustrias (3).pdf,NULL,0,0,1,26
502,08/02/2016 12:12,clientes/26/Manifiestos /Manifiesto 0034_Marindustrias.pdf,NULL,0,0,1,26
503,08/02/2016 12:14,clientes/26/Manifiestos /Manifiesto 0131_Marindustrias (3).pdf,NULL,0,0,1,26
504,08/02/2016 12:14,clientes/26/Manifiestos /Manifiesto 0034_Marindustrias.pdf,NULL,0,0,1,26
505,08/02/2016 12:14,clientes/26/Manifiestos /Manifiesto 0237_Marindustrias.pdf,NULL,0,0,1,26
506,08/02/2016 12:14,clientes/26/Manifiestos /Manifiesto 0236_Marindustrias.pdf,NULL,0,0,1,26
507,08/02/2016 12:14,clientes/26/Manifiestos /Manifiesto 0227_Marindustrias.pdf,NULL,0,0,1,26
508,08/02/2016 12:14,clientes/26/Manifiestos /Manifiesto 0224_Marindustrias.pdf,NULL,0,0,1,26
509,08/02/2016 12:14,clientes/26/Manifiestos /Manifiesto 0223_Marindustrias.pdf,NULL,0,0,1,26
510,08/02/2016 12:14,clientes/26/Manifiestos /Manifiesto 0218_Marindustrias.pdf,NULL,0,0,1,26
511,08/02/2016 12:14,clientes/26/Manifiestos /Manifiesto 0217_Marindustrias.pdf,NULL,0,0,1,26
512,08/02/2016 12:14,clientes/26/Manifiestos /Manifiesto 0207_Marindustrias.pdf,NULL,0,0,1,26
513,08/02/2016 12:18,clientes/26/Manifiesto 0131_Marindustrias (3).pdf,NULL,0,0,1,26
514,08/02/2016 12:18,clientes/26/Manifiesto 0034_Marindustrias.pdf,NULL,0,0,1,26
515,08/02/2016 12:18,clientes/26/Manifiesto 0237_Marindustrias.pdf,NULL,0,0,1,26
516,08/02/2016 12:18,clientes/26/Manifiesto 0236_Marindustrias.pdf,NULL,0,0,1,26
517,08/02/2016 12:18,clientes/26/Manifiesto 0227_Marindustrias.pdf,NULL,0,0,1,26
518,08/02/2016 12:22,clientes/26/Manifiestos /Manifiesto 0131_Marindustrias (3).pdf,NULL,0,0,1,26
519,08/02/2016 12:22,clientes/26/Manifiestos /Manifiesto 0034_Marindustrias.pdf,NULL,0,0,1,26
520,08/02/2016 12:22,clientes/26/Manifiestos /Manifiesto 0237_Marindustrias.pdf,NULL,0,0,1,26
521,08/02/2016 12:22,clientes/26/Manifiestos /Manifiesto 0236_Marindustrias.pdf,NULL,0,0,1,26
522,08/02/2016 12:22,clientes/26/Manifiestos /Manifiesto 0227_Marindustrias.pdf,NULL,0,0,1,26
523,08/02/2016 12:25,clientes/26/Manifiestos /Manifiesto 0027_Marindustrias.pdf,NULL,0,0,1,26
524,08/02/2016 12:26,clientes/26/Manifiestos /Manifiesto 0034_Marindustrias.pdf,NULL,0,0,1,26
525,08/02/2016 12:28,clientes/26/Manifiestos /Manifiesto 0088_Marindustrias.pdf,NULL,0,0,1,26
526,08/02/2016 12:28,clientes/26/Manifiestos /Manifiesto 0099_Marindustrias.pdf,NULL,0,0,1,26
527,08/02/2016 12:30,clientes/26/Manifiestos /Manifiesto 0131_Marindustrias.pdf,NULL,0,0,1,26
528,08/02/2016 12:31,clientes/26/Manifiestos /Manifiesto 0131_Marindustrias (2).pdf,NULL,0,0,1,26
529,08/02/2016 12:33,clientes/26/Manifiestos /Manifiesto 0131_Marindustrias (3).pdf,NULL,0,0,1,26
530,08/02/2016 12:33,clientes/26/Manifiestos /Manifiesto 0132_Marindustrias.pdf,NULL,0,0,1,26
531,08/02/2016 12:34,clientes/26/Manifiestos /Manifiesto 0132_Marindustrias (2).pdf,NULL,0,0,1,26
532,08/02/2016 12:37,clientes/26/Manifiestos /Manifiesto 0137_Marindustrias.pdf,NULL,0,0,1,26
533,08/02/2016 12:40,clientes/26/Manifiestos /Manifiesto 0138_Marindustrias.pdf,NULL,0,0,1,26
534,08/02/2016 12:40,clientes/26/Manifiestos /Manifiesto 0138_Marindustrias.pdf,NULL,0,0,1,26
535,08/02/2016 12:45,clientes/26/Manifiestos /Manifiesto 0149_Marindustrias.pdf,NULL,0,0,1,26
536,08/02/2016 12:45,clientes/26/Manifiestos /Manifiesto 0148_Marindustrias.pdf,NULL,0,0,1,26
537,08/02/2016 12:45,clientes/26/Manifiestos /Manifiesto 0147_Marindustrias.pdf,NULL,0,0,1,26
538,08/02/2016 12:48,clientes/26/Manifiestos /Manifiesto 0148_Marindustrias.pdf,NULL,0,0,1,26
539,08/02/2016 12:48,clientes/26/Manifiestos /Manifiesto 0149_Marindustrias.pdf,NULL,0,0,1,26
540,08/02/2016 12:49,clientes/26/Manifiestos /Manifiesto 0159_Marindustrias.pdf,NULL,0,0,1,26
541,08/02/2016 12:50,clientes/26/Manifiestos /Manifiesto 0161_Marindustrias.pdf,NULL,0,0,1,26
542,08/02/2016 12:50,clientes/26/Manifiestos /Manifiesto 0162_Marindustrias.pdf,NULL,0,0,1,26
543,08/02/2016 12:51,clientes/26/Manifiestos /Manifiesto 0164_Marindustrias.pdf,NULL,0,0,1,26
544,08/02/2016 12:54,clientes/26/Manifiestos /Manifiesto 0168_Marindustrias.pdf,NULL,0,0,1,26
545,08/02/2016 12:54,clientes/26/Manifiestos /Manifiesto 0170_Marindustrias.pdf,NULL,0,0,1,26
546,08/02/2016 12:55,clientes/26/Manifiestos /Manifiesto 0189_Marindustrias.pdf,NULL,0,0,1,26
547,08/02/2016 12:55,clientes/26/Manifiestos /Manifiesto 0190_Marindustrias.pdf,NULL,0,0,1,26
548,08/02/2016 12:56,clientes/26/Manifiestos /Manifiesto 0205_Marindustrias.pdf,NULL,0,0,1,26
549,08/02/2016 12:56,clientes/26/Manifiestos /Manifiesto 0206_Marindustrias.pdf,NULL,0,0,1,26
550,08/02/2016 12:57,clientes/26/Manifiestos /Manifiesto 0206_Marindustrias.pdf,NULL,0,0,1,26
551,08/02/2016 12:58,clientes/26/Manifiestos /Manifiesto 0207_Marindustrias.pdf,NULL,0,0,1,26
552,08/02/2016 12:58,clientes/26/Manifiestos /Manifiesto 0208_Marindustrias.pdf,NULL,0,0,1,26
553,08/02/2016 12:59,clientes/26/Manifiestos /Manifiesto 0218_Marindustrias.pdf,NULL,0,0,1,26
554,08/02/2016 12:59,clientes/26/Manifiestos /Manifiesto 0217_Marindustrias.pdf,NULL,0,0,1,26
555,08/02/2016 12:59,clientes/26/Manifiestos /Manifiesto 0218_Marindustrias.pdf,NULL,0,0,1,26
556,08/02/2016 13:00,clientes/26/Manifiestos /Manifiesto 0224_Marindustrias.pdf,NULL,0,0,1,26
557,08/02/2016 13:00,clientes/26/Manifiestos /Manifiesto 0223_Marindustrias.pdf,NULL,0,0,1,26
558,08/02/2016 13:01,clientes/26/Manifiestos /Manifiesto 0227_Marindustrias.pdf,NULL,0,0,1,26
559,08/02/2016 13:01,clientes/26/Manifiestos /Manifiesto 0224_Marindustrias.pdf,NULL,0,0,1,26
560,08/02/2016 13:03,clientes/26/Manifiestos /Manifiesto 0227_Marindustrias.pdf,NULL,0,0,1,26
561,08/02/2016 13:03,clientes/26/Manifiestos /Manifiesto 0236_Marindustrias.pdf,NULL,0,0,1,26
562,08/02/2016 13:03,clientes/26/Manifiestos /Manifiesto 0237_Marindustrias.pdf,NULL,0,0,1,26
563,08/02/2016 13:07,clientes/25/Manifiestos /Manifiesto 0141_Coco es.pdf,NULL,0,0,1,25
564,08/02/2016 13:07,clientes/25/Manifiestos /Manifiesto 0141_Coco es (2).pdf,NULL,0,0,1,25
565,08/02/2016 13:08,clientes/25/Manifiestos /Manifiesto 0117_Coco es.pdf,NULL,0,0,1,25
566,08/02/2016 13:08,clientes/25/Manifiestos /Manifiesto 0141_Coco es.pdf,NULL,0,0,1,25
567,08/02/2016 13:08,clientes/25/Manifiestos /Manifiesto 0141_Coco es (2).pdf,NULL,0,0,1,25
568,08/02/2016 13:09,clientes/25/Manifiestos /Manifiesto 0163_Coco es.pdf,NULL,0,0,1,25
569,08/02/2016 13:09,clientes/25/Manifiestos /Manifiesto 0163_Coco es (2).pdf,NULL,0,0,1,25
570,08/02/2016 13:10,clientes/25/Manifiestos /Manifiesto 0219_Coco es.pdf,NULL,0,0,1,25
571,08/02/2016 13:10,clientes/25/Manifiestos /Manifiesto 0221_Coco es.pdf,NULL,0,0,1,25
572,08/02/2016 13:13,clientes/20/Manifiestos /Manifiesto 0026_Coco Colima.pdf,NULL,0,0,1,20
573,08/02/2016 13:14,clientes/20/Manifiestos /Manifiesto 0056_Coco Colima.pdf,NULL,0,0,1,20
574,08/02/2016 13:15,clientes/20/Manifiestos /Manifiesto 0140_Coco Colima.pdf,NULL,0,0,1,20
575,08/02/2016 13:15,clientes/20/Manifiestos /Manifiesto 0194_Coco Colima.pdf,NULL,0,0,1,20
576,08/02/2016 13:15,clientes/20/Manifiestos /Manifiesto 0172_Coco Colima.pdf,NULL,0,0,1,20
577,08/02/2016 13:16,clientes/20/Manifiestos /Manifiesto 0194_Coco Colima.pdf,NULL,0,0,1,20
578,08/02/2016 13:16,clientes/20/Manifiestos /Manifiesto 0195_Coco Colima.pdf,NULL,0,0,1,20
579,08/02/2016 13:17,clientes/20/Manifiestos /Manifiesto 0209_Coco Colima.pdf,NULL,0,0,1,20
580,08/02/2016 13:17,clientes/20/Manifiestos /Manifiesto 0210_Coco Colima.pdf,NULL,0,0,1,20
581,08/02/2016 13:22,clientes/21/Manifiestos/Manifiesto 0142_AHK.pdf,NULL,0,0,1,21
582,08/02/2016 13:22,clientes/21/Manifiestos/Manifiesto 0146_AHK.pdf,NULL,0,0,1,21
583,08/02/2016 13:23,clientes/21/Manifiestos/Manifiesto 0154 _AHK.pdf,NULL,0,0,1,21
584,08/02/2016 13:23,clientes/21/Manifiestos/Manifiesto 0157_AHK.pdf,NULL,0,0,1,21
585,08/02/2016 13:24,clientes/21/Manifiestos/Manifiesto 0165_AHK.pdf,NULL,0,0,1,21
586,08/02/2016 13:24,clientes/21/Manifiestos/Manifiesto 0166_AHK.pdf,NULL,0,0,1,21
587,08/02/2016 13:25,clientes/21/Manifiestos/Manifiesto 0174_AHK.pdf,NULL,0,0,1,21
588,08/02/2016 13:27,clientes/21/Manifiestos/Manifiesto 0181_AHK.pdf,NULL,0,0,1,21
589,08/02/2016 13:28,clientes/21/Manifiestos/Manifiesto 0185_AHK.pdf,NULL,0,0,1,21
590,08/02/2016 13:28,clientes/21/Manifiestos/Manifiesto 0187_AHK.pdf,NULL,0,0,1,21
591,08/02/2016 13:29,clientes/21/Manifiestos/Manifiesto 0198_AHK.pdf,NULL,0,0,1,21
592,08/02/2016 13:30,clientes/21/Manifiestos/Manifiesto 0200_AHK.pdf,NULL,0,0,1,21
593,08/02/2016 13:30,clientes/21/Manifiestos/Manifiesto 0198_AHK.pdf,NULL,0,0,1,21
594,08/02/2016 13:31,clientes/21/Manifiestos/Manifiesto 0204_AHK.pdf,NULL,0,0,1,21
595,08/02/2016 13:31,clientes/21/Manifiestos/Manifiesto 0209_AHK.pdf,NULL,0,0,1,21
596,08/02/2016 13:32,clientes/21/Manifiestos/Manifiesto 0211_AHK.pdf,NULL,0,0,1,21
597,08/02/2016 13:33,clientes/21/Manifiestos/Manifiesto 0220_AHK.pdf,NULL,0,0,1,21
598,08/02/2016 13:33,clientes/21/Manifiestos/Manifiesto 0220_AHK (2).pdf,NULL,0,0,1,21
599,08/02/2016 13:33,clientes/21/Manifiestos/Manifiesto 0228 _AHK.pdf,NULL,0,0,1,21
600,08/02/2016 13:34,clientes/21/Manifiestos/Manifiesto 0239_AHK.pdf,NULL,0,0,1,21
601,08/02/2016 13:37,clientes/23/Manifiestos /Manifiesto 0153_SLT.pdf,NULL,0,0,1,23
602,26/06/2016 18:00,clientes/31/Manifiestos liberados/Manifiestos del 2016/Manifiesto 0282 Rancagua Guzmán.pdf,NULL,1,0,1,31
603,18/07/2016 18:00,clientes/5/En Materia de Residuos Peligrosos/Manifiestos liberados/Manifiestos del 2016/Manifiesto 0285 Rancagua Colima.pdf,NULL,1,0,1,5
604,18/07/2016 18:00,clientes/5/En Materia de Residuos Peligrosos/Manifiestos liberados/Manifiestos del 2016/Manifiesto 0292 Rancagua Colima.pdf,NULL,1,0,1,5
605,18/07/2016 18:00,clientes/5/En Materia de Residuos Peligrosos/Manifiestos liberados/Manifiestos del 2016/Manifiesto 0293 Rancagua Colima.pdf,NULL,1,0,1,5
606,01/07/2016 17:56,clientes/33/En Materia de Residuos Peligrosos/Manifiestos liberados/Manifiestos del 2016/Manifiesto 0288 Marindustrias Rancagua Mzo.pdf,NULL,1,0,1,33
607,01/07/2016 17:56,clientes/33/En Materia de Residuos Peligrosos/Manifiestos liberados/Manifiestos del 2016/Manifiesto 0288 Rancagua Mzo Acum.pdf,NULL,1,0,1,33
608,25/06/2016 18:57,clientes/34/En Materia de Residuos Peligrosos/Manifiestos liberados/Manifiestos del 2016/Manifiesto 0298 Rancagua Tecomán.pdf,NULL,0,0,1,34
609,25/06/2016 19:02,clientes/36/En Materia de Residuos Peligrosos/Manifiestos liberados/Manifiestos del 2016/Manifiesto 0287 Rancagua V. de A.pdf,NULL,0,0,1,36
610,01/07/2016 19:31,clientes/41/En Materia de Residuos Peligrosos/UPS Registro como generador de RP´s.pdf,NULL,0,0,1,41
611,01/07/2016 19:41,clientes/41/En Materia de Residuos Peligrosos/UPS_Registro Generador Residuos Peligrosos (Formato 07-017).xls,NULL,0,0,1,41
612,01/07/2016 19:51,clientes/41/En Materia de Residuos Peligrosos/Dictamen de Impacto Ambiental.pdf,NULL,0,0,1,41
613,01/07/2016 19:58,clientes/41/En Materia de Residuos Peligrosos/Manifiestos liberados/Manifiesto 25-02-16 por RP´s.pdf,NULL,0,0,1,41
614,01/07/2016 20:22,clientes/41/Impacto Ambiental/Dictamen de Impacto Ambiental.pdf,NULL,0,0,1,41
615,01/07/2016 21:16,clientes/33/En Materia de Residuos Peligrosos/COA Web 2015/resumen_20160701210144987.zip,NULL,0,0,1,33
616,06/07/2016 15:35,clientes/31/Manifiestos provisionales/Manifiesto 0340 Rancagua Cd. Guzmán.pdf,NULL,0,0,1,31
617,18/07/2016 18:00,clientes/5/En Materia de Residuos Peligrosos/Manifiestos provisionales/Manifiesto 0346 Rancagua Colima_2.pdf,NULL,1,0,1,5
618,18/07/2016 18:00,clientes/5/En Materia de Residuos Peligrosos/Manifiestos provisionales/Manifiesto 0347 Acum Rancagua Colima.pdf,NULL,1,0,1,5
619,08/07/2016 14:39,clientes/40/Expediente en materia Ambiental/Krishna Abrajan_Acuse Registro como Generador RPs.pdf,NULL,0,0,1,40
620,08/07/2016 14:40,clientes/40/Expediente en materia Ambiental/Notificación Semarnat de Trámite ante la ASEA.pdf,NULL,0,0,1,40
621,08/07/2016 16:25,clientes/33/En Materia de Residuos Peligrosos/Manifiestos provisionales/Manifiesto 0353 Rancagua Mzo.pdf,NULL,0,0,1,33
622,09/07/2016 14:39,clientes/36/En Materia de Residuos Peligrosos/Manifiestos liberados/Manifiestos del 2016/Manifiesto 0317 Rancagua V. de A.pdf,NULL,0,0,1,36
623,09/07/2016 14:41,clientes/36/En Materia de Residuos Peligrosos/Manifiestos provisionales/Manifiesto 0355 Rancagua V. de A..pdf,NULL,0,0,1,36
624,18/07/2016 18:00,clientes/5/En Materia de Residuos Peligrosos/Manifiestos liberados/Manifiestos del 2016/Manifiesto 0316 Rancagua Colima .pdf,NULL,1,0,1,5
625,18/07/2016 18:00,clientes/5/En Materia de Residuos Peligrosos/Manifiestos liberados/Manifiestos del 2016/Manifiesto 0323 Rancagua Colima.pdf,NULL,1,0,1,5
626,09/07/2016 16:41,clientes/33/En Materia de Residuos Peligrosos/Manifiestos liberados/Manifiestos del 2016/Manifiesto 0288 Rancagua Mzo.pdf,NULL,0,0,1,33
627,18/07/2016 18:00,clientes/5/COA 2015/Rancagua Colima_Constancia de Recepción COA2015.pdf,NULL,1,0,1,5
628,18/07/2016 18:00,clientes/5/COA 2015/resumen_coa2015_Rancagua Colima.zip,NULL,1,0,1,5
629,12/07/2016 22:57,clientes/33/COA 2015/Rancagua Manzanillo_Constancia de Recepción COA2015.pdf,NULL,0,0,1,33
630,12/07/2016 22:58,clientes/33/COA 2015/resumen_Rancagua Mzo.zip,NULL,0,0,1,33
631,12/07/2016 23:04,clientes/31/COA 2015/Rancagua Cd Guzmán_Constancia de Recepción COA2015.pdf,NULL,0,0,1,31
632,12/07/2016 23:05,clientes/31/COA 2015/resumen_coa2015_Rancagua Cd. Guzmán.zip,NULL,0,0,1,31
633,14/07/2016 14:20,clientes/35/En Materia de Residuos Peligrosos/Manifiestos provisionales/Manifiesto 0356 Rancagua Autlán.pdf,NULL,0,0,1,35
634,14/07/2016 14:23,clientes/35/En Materia de Residuos Peligrosos/Manifiestos liberados/Manifiestos del 2016/Manifiesto 0305 Rancagua Autlán.pdf,NULL,0,0,1,35
635,14/07/2016 14:33,clientes/35/En Materia de Residuos Peligrosos/Manifiestos provisionales/Manifiesto 0357 Rancagua Autlán por Acum.pdf,NULL,0,0,1,35
636,14/07/2016 16:13,clientes/34/En Materia de Residuos Peligrosos/Manifiestos provisionales/Manifiesto 0324 Rancagua Tecomán.pdf,NULL,0,0,1,34
637,14/07/2016 21:37,clientes/35/En Materia de Residuos Peligrosos/REGISTRO COMO GENERADOR DE RP'S.pdf,NULL,0,0,1,35
638,15/07/2016 19:38,clientes/31/Manifiestos provisionales/Manifiesto 0301 Rancagua Cd. Guzmán.pdf,NULL,0,0,1,31
639,15/07/2016 19:39,clientes/31/Manifiestos provisionales/Manifiesto 0320 Rancagua Cd. Guzmán.pdf,NULL,0,0,1,31
640,15/07/2016 19:39,clientes/31/Manifiestos provisionales/Manifiesto 0320 Rancagua Cd. Guzmán.pdf,NULL,0,0,1,31
641,15/07/2016 19:52,clientes/31/Manifiestos provisionales/Manifiesto 0334 Rancagua Cd. Guzmán.pdf,NULL,0,0,1,31
642,15/07/2016 19:55,clientes/35/En Materia de Residuos Peligrosos/Manifiestos liberados/Manifiestos del 2016/Manifiesto 0306 Rancagua Autlán por Acum.pdf,NULL,0,0,1,35
643,19/07/2016 11:53,clientes/18/Residuos Peligrosos//Manifiestos liberados/2012/Manifiesto 5740 GUME.pdf,NULL,0,0,1,18
644,19/07/2016 12:19,clientes/18/Residuos Peligrosos//Manifiestos liberados/2012/Manifiesto 8483 GUME.pdf,NULL,0,0,1,18
645,19/07/2016 12:20,clientes/18/Residuos Peligrosos//Manifiestos liberados/2012/Manifiesto 8484 GUME.pdf,NULL,0,0,1,18
646,19/07/2016 12:21,clientes/18/Residuos Peligrosos//Manifiestos liberados/2012/Manifiesto 8547 GUME.pdf,NULL,0,0,1,18
647,19/07/2016 12:21,clientes/18/Residuos Peligrosos//Manifiestos liberados/2012/Manifiesto 8706 GUME.pdf,NULL,0,0,1,18
648,19/07/2016 12:22,clientes/18/Residuos Peligrosos//Manifiestos liberados/2012/Manifiesto 8761 GUME.pdf,NULL,0,0,1,18
649,19/07/2016 12:22,clientes/18/Residuos Peligrosos//Manifiestos liberados/2012/Manifiesto 8874 GUME.pdf,NULL,0,0,1,18
650,19/07/2016 12:23,clientes/18/Residuos Peligrosos//Manifiestos liberados/2012/Manifiesto 8991 GUME.pdf,NULL,0,0,1,18
651,19/07/2016 12:23,clientes/18/Residuos Peligrosos//Manifiestos liberados/2012/Manifiesto 9587 GUME.pdf,NULL,0,0,1,18
652,19/07/2016 12:24,clientes/18/Residuos Peligrosos//Manifiestos liberados/2012/Manifiesto 5740 GUME.pdf,NULL,0,0,1,18
653,19/07/2016 12:24,clientes/18/Residuos Peligrosos//Manifiestos liberados/2012/Manifiesto 5804 GUME.pdf,NULL,0,0,1,18
654,19/07/2016 12:27,clientes/18/Residuos Peligrosos//Manifiestos liberados/2013/Manifiesto 9584 GUME.pdf,NULL,0,0,1,18
655,19/07/2016 12:28,clientes/18/Residuos Peligrosos//Manifiestos liberados/2013/Manifiesto 9508 GUME.pdf,NULL,0,0,1,18
656,19/07/2016 12:29,clientes/18/Residuos Peligrosos//Manifiestos liberados/2013/Manifiesto 9730 GUME.pdf,NULL,0,0,1,18
657,19/07/2016 12:30,clientes/18/Residuos Peligrosos//Manifiestos liberados/2013/Manifiesto 9774 GUME.pdf,NULL,0,0,1,18
658,19/07/2016 12:31,clientes/18/Residuos Peligrosos//Manifiestos liberados/2013/Manifiesto 9861 GUME.pdf,NULL,0,0,1,18
659,19/07/2016 12:33,clientes/18/Residuos Peligrosos//Manifiestos liberados/2013/Manifiesto 9942 GUME.pdf,NULL,0,0,1,18
660,19/07/2016 12:33,clientes/18/Residuos Peligrosos//Manifiestos liberados/2013/Manifiesto 10038 GUME.pdf,NULL,0,0,1,18
661,19/07/2016 12:34,clientes/18/Residuos Peligrosos//Manifiestos liberados/2013/Manifiesto 10137 GUME.pdf,NULL,0,0,1,18
662,19/07/2016 12:34,clientes/18/Residuos Peligrosos//Manifiestos liberados/2013/Manifiesto 10193 GUME.pdf,NULL,0,0,1,18
663,19/07/2016 12:35,clientes/18/Residuos Peligrosos//Manifiestos liberados/2013/Manifiesto 10270 GUME.pdf,NULL,0,0,1,18
664,19/07/2016 12:35,clientes/18/Residuos Peligrosos//Manifiestos liberados/2014/Manifiesto 10419 GUME.pdf,NULL,0,0,1,18
665,19/07/2016 12:36,clientes/18/Residuos Peligrosos//Manifiestos liberados/2014/Manifiesto 10530 GUME.pdf,NULL,0,0,1,18
666,19/07/2016 12:37,clientes/18/Residuos Peligrosos//Manifiestos liberados/2014/Manifiesto 10712 GUME.pdf,NULL,0,0,1,18
667,19/07/2016 12:40,clientes/18/Residuos Peligrosos//Manifiestos liberados/2014/Manifiesto 10879 GUME.pdf,NULL,0,0,1,18
668,19/07/2016 12:43,clientes/18/Residuos Peligrosos//Manifiestos liberados/2014/Manifiesto 10954 GUME.pdf,NULL,0,0,1,18
669,19/07/2016 12:45,clientes/18/Residuos Peligrosos//Manifiestos liberados/2014/Manifiesto 11270 GUME.pdf,NULL,0,0,1,18
670,19/07/2016 12:46,clientes/18/Residuos Peligrosos//Manifiestos liberados/2014/Manifiesto 11587 GUME.pdf,NULL,0,0,1,18
671,19/07/2016 12:47,clientes/18/Residuos Peligrosos//Manifiestos liberados/2014/Manifiesto 11693 GUME.pdf,NULL,0,0,1,18
672,19/07/2016 12:47,clientes/18/Residuos Peligrosos//Manifiestos liberados/2014/Manifiesto 11776 GUME.pdf,NULL,0,0,1,18
673,19/07/2016 12:48,clientes/18/Residuos Peligrosos//Manifiestos liberados/2015/Manifiesto 11813 GUME.pdf,NULL,0,0,1,18
674,19/07/2016 12:49,clientes/18/Residuos Peligrosos//Manifiestos liberados/2015/Manifiesto 12135 GUME.pdf,NULL,0,0,1,18
675,19/07/2016 12:49,clientes/18/Residuos Peligrosos//Manifiestos liberados/2015/Manifiesto 12581 GUME.pdf,NULL,0,0,1,18
676,19/07/2016 12:50,clientes/18/Residuos Peligrosos//Manifiestos liberados/2016/Manifiesto 023 GUME.pdf,NULL,0,0,1,18
677,19/07/2016 12:51,clientes/18/Residuos Peligrosos//Manifiestos liberados/2016/Manifiesto 0333 GUME.pdf,NULL,0,0,1,18
678,22/07/2016 21:03,clientes/5/En Materia de Residuos Peligrosos/Manifiestos provisionales/Manifiesto 0364 Rancagua Colima.pdf,NULL,0,0,1,5
679,22/07/2016 21:04,clientes/36/En Materia de Residuos Peligrosos/Manifiestos provisionales/Manifiesto 0366 Rancagua V. de A..pdf,NULL,0,0,1,36
680,22/07/2016 21:05,clientes/34/En Materia de Residuos Peligrosos/Manifiestos provisionales/Manifiesto 0365 Rancagua Tecomán.pdf,NULL,0,0,1,34
